Time,What_calc,Method_info,Model,absTol,relTol,N_param_fixed,I_parameter,chunk_size,solver
0.000706737,Cost,Standard,model_Boehm_JProteomeRes2014,1.0e-8,1.0e-8,0,0,Default,Rodas5P
0.0006722490000000001,Cost,Standard,model_Boehm_JProteomeRes2014,1.0e-8,1.0e-8,0,0,Default,Rodas5P
0.000706385,Cost,Standard,model_Boehm_JProteomeRes2014,1.0e-8,1.0e-8,0,0,Default,Rodas5P
0.0007224330000000001,Cost,Standard,model_Boehm_JProteomeRes2014,1.0e-8,1.0e-8,0,0,Default,Rodas5P
0.0007268190000000001,Cost,Standard,model_Boehm_JProteomeRes2014,1.0e-8,1.0e-8,0,0,Default,Rodas5P
0.0007182130000000001,Cost,Standard,model_Boehm_JProteomeRes2014,1.0e-8,1.0e-8,0,0,Default,Rodas5P
0.0006740520000000001,Cost,Standard,model_Boehm_JProteomeRes2014,1.0e-8,1.0e-8,0,0,Default,Rodas5P
0.0006797620000000001,Cost,Standard,model_Boehm_JProteomeRes2014,1.0e-8,1.0e-8,0,0,Default,Rodas5P
0.0006308630000000001,Cost,Standard,model_Boehm_JProteomeRes2014,1.0e-8,1.0e-8,0,0,Default,Rodas5P
0.000671597,Cost,Standard,model_Boehm_JProteomeRes2014,1.0e-8,1.0e-8,0,0,Default,Rodas5P
0.039486073000000003,Hessian,ForwardDiff,model_Boehm_JProteomeRes2014,1.0e-8,1.0e-8,0,0,Default,Rodas5P
0.04238829,Hessian,ForwardDiff,model_Boehm_JProteomeRes2014,1.0e-8,1.0e-8,0,0,Default,Rodas5P
0.040871911000000004,Hessian,ForwardDiff,model_Boehm_JProteomeRes2014,1.0e-8,1.0e-8,0,0,Default,Rodas5P
0.00229384,Cost,Standard,model_Boehm_JProteomeRes2014,1.0e-8,1.0e-8,0,0,Default,KenCarp47
0.001068119,Cost,Standard,model_Boehm_JProteomeRes2014,1.0e-8,1.0e-8,0,0,Default,KenCarp47
0.0009591620000000001,Cost,Standard,model_Boehm_JProteomeRes2014,1.0e-8,1.0e-8,0,0,Default,KenCarp47
0.000971135,Cost,Standard,model_Boehm_JProteomeRes2014,1.0e-8,1.0e-8,0,0,Default,KenCarp47
0.000966728,Cost,Standard,model_Boehm_JProteomeRes2014,1.0e-8,1.0e-8,0,0,Default,KenCarp47
0.001030202,Cost,Standard,model_Boehm_JProteomeRes2014,1.0e-8,1.0e-8,0,0,Default,KenCarp47
0.001039781,Cost,Standard,model_Boehm_JProteomeRes2014,1.0e-8,1.0e-8,0,0,Default,KenCarp47
0.001044025,Cost,Standard,model_Boehm_JProteomeRes2014,1.0e-8,1.0e-8,0,0,Default,KenCarp47
0.0010287130000000001,Cost,Standard,model_Boehm_JProteomeRes2014,1.0e-8,1.0e-8,0,0,Default,KenCarp47
0.0010436660000000002,Cost,Standard,model_Boehm_JProteomeRes2014,1.0e-8,1.0e-8,0,0,Default,KenCarp47
0.050498796000000006,Hessian,ForwardDiff,model_Boehm_JProteomeRes2014,1.0e-8,1.0e-8,0,0,Default,KenCarp47
0.051361287000000005,Hessian,ForwardDiff,model_Boehm_JProteomeRes2014,1.0e-8,1.0e-8,0,0,Default,KenCarp47
0.050957251,Hessian,ForwardDiff,model_Boehm_JProteomeRes2014,1.0e-8,1.0e-8,0,0,Default,KenCarp47
0.00072616,Cost,Standard,model_Boehm_JProteomeRes2014,1.0e-8,1.0e-8,0,0,Default,QNDF
0.0008793290000000001,Cost,Standard,model_Boehm_JProteomeRes2014,1.0e-8,1.0e-8,0,0,Default,QNDF
0.00142435,Cost,Standard,model_Boehm_JProteomeRes2014,1.0e-8,1.0e-8,0,0,Default,QNDF
0.000661041,Cost,Standard,model_Boehm_JProteomeRes2014,1.0e-8,1.0e-8,0,0,Default,QNDF
0.000644832,Cost,Standard,model_Boehm_JProteomeRes2014,1.0e-8,1.0e-8,0,0,Default,QNDF
0.000640633,Cost,Standard,model_Boehm_JProteomeRes2014,1.0e-8,1.0e-8,0,0,Default,QNDF
0.000650821,Cost,Standard,model_Boehm_JProteomeRes2014,1.0e-8,1.0e-8,0,0,Default,QNDF
0.0006772890000000001,Cost,Standard,model_Boehm_JProteomeRes2014,1.0e-8,1.0e-8,0,0,Default,QNDF
0.000716673,Cost,Standard,model_Boehm_JProteomeRes2014,1.0e-8,1.0e-8,0,0,Default,QNDF
0.000639179,Cost,Standard,model_Boehm_JProteomeRes2014,1.0e-8,1.0e-8,0,0,Default,QNDF
0.024269099000000002,Hessian,ForwardDiff,model_Boehm_JProteomeRes2014,1.0e-8,1.0e-8,0,0,Default,QNDF
0.024496853000000002,Hessian,ForwardDiff,model_Boehm_JProteomeRes2014,1.0e-8,1.0e-8,0,0,Default,QNDF
0.025503767,Hessian,ForwardDiff,model_Boehm_JProteomeRes2014,1.0e-8,1.0e-8,0,0,Default,QNDF
0.0007067,Cost,Standard,model_Boehm_JProteomeRes2014,1.0e-8,1.0e-8,0,0,Default,Vern7(Rodas5P)
0.000703473,Cost,Standard,model_Boehm_JProteomeRes2014,1.0e-8,1.0e-8,0,0,Default,Vern7(Rodas5P)
0.000656399,Cost,Standard,model_Boehm_JProteomeRes2014,1.0e-8,1.0e-8,0,0,Default,Vern7(Rodas5P)
0.000772264,Cost,Standard,model_Boehm_JProteomeRes2014,1.0e-8,1.0e-8,0,0,Default,Vern7(Rodas5P)
0.0006270010000000001,Cost,Standard,model_Boehm_JProteomeRes2014,1.0e-8,1.0e-8,0,0,Default,Vern7(Rodas5P)
0.0020304190000000003,Cost,Standard,model_Boehm_JProteomeRes2014,1.0e-8,1.0e-8,0,0,Default,Vern7(Rodas5P)
0.0007268950000000001,Cost,Standard,model_Boehm_JProteomeRes2014,1.0e-8,1.0e-8,0,0,Default,Vern7(Rodas5P)
0.000663279,Cost,Standard,model_Boehm_JProteomeRes2014,1.0e-8,1.0e-8,0,0,Default,Vern7(Rodas5P)
0.000789939,Cost,Standard,model_Boehm_JProteomeRes2014,1.0e-8,1.0e-8,0,0,Default,Vern7(Rodas5P)
0.0006341210000000001,Cost,Standard,model_Boehm_JProteomeRes2014,1.0e-8,1.0e-8,0,0,Default,Vern7(Rodas5P)
0.040179057000000004,Hessian,ForwardDiff,model_Boehm_JProteomeRes2014,1.0e-8,1.0e-8,0,0,Default,Vern7(Rodas5P)
0.040042151000000005,Hessian,ForwardDiff,model_Boehm_JProteomeRes2014,1.0e-8,1.0e-8,0,0,Default,Vern7(Rodas5P)
0.039855132,Hessian,ForwardDiff,model_Boehm_JProteomeRes2014,1.0e-8,1.0e-8,0,0,Default,Vern7(Rodas5P)
0.014398207000000001,Cost,Standard,model_Beer_MolBioSystems2014,1.0e-8,1.0e-8,0,0,Default,Rodas5P
0.01466507,Cost,Standard,model_Beer_MolBioSystems2014,1.0e-8,1.0e-8,0,0,Default,Rodas5P
0.014508487,Cost,Standard,model_Beer_MolBioSystems2014,1.0e-8,1.0e-8,0,0,Default,Rodas5P
0.014689998000000001,Cost,Standard,model_Beer_MolBioSystems2014,1.0e-8,1.0e-8,0,0,Default,Rodas5P
0.014601688000000002,Cost,Standard,model_Beer_MolBioSystems2014,1.0e-8,1.0e-8,0,0,Default,Rodas5P
0.014576249000000001,Cost,Standard,model_Beer_MolBioSystems2014,1.0e-8,1.0e-8,0,0,Default,Rodas5P
0.014466409000000001,Cost,Standard,model_Beer_MolBioSystems2014,1.0e-8,1.0e-8,0,0,Default,Rodas5P
0.014286245000000001,Cost,Standard,model_Beer_MolBioSystems2014,1.0e-8,1.0e-8,0,0,Default,Rodas5P
0.014389187000000001,Cost,Standard,model_Beer_MolBioSystems2014,1.0e-8,1.0e-8,0,0,Default,Rodas5P
0.014406736000000002,Cost,Standard,model_Beer_MolBioSystems2014,1.0e-8,1.0e-8,0,0,Default,Rodas5P
32.896622743,Hessian,ForwardDiff,model_Beer_MolBioSystems2014,1.0e-8,1.0e-8,0,0,Default,Rodas5P
33.313489308,Hessian,ForwardDiff,model_Beer_MolBioSystems2014,1.0e-8,1.0e-8,0,0,Default,Rodas5P
33.121451666,Hessian,ForwardDiff,model_Beer_MolBioSystems2014,1.0e-8,1.0e-8,0,0,Default,Rodas5P
0.020728649000000002,Cost,Standard,model_Beer_MolBioSystems2014,1.0e-8,1.0e-8,0,0,Default,KenCarp47
0.020351202000000002,Cost,Standard,model_Beer_MolBioSystems2014,1.0e-8,1.0e-8,0,0,Default,KenCarp47
0.020518876000000002,Cost,Standard,model_Beer_MolBioSystems2014,1.0e-8,1.0e-8,0,0,Default,KenCarp47
0.020397698000000002,Cost,Standard,model_Beer_MolBioSystems2014,1.0e-8,1.0e-8,0,0,Default,KenCarp47
0.021274396,Cost,Standard,model_Beer_MolBioSystems2014,1.0e-8,1.0e-8,0,0,Default,KenCarp47
0.0206442,Cost,Standard,model_Beer_MolBioSystems2014,1.0e-8,1.0e-8,0,0,Default,KenCarp47
0.020047737000000003,Cost,Standard,model_Beer_MolBioSystems2014,1.0e-8,1.0e-8,0,0,Default,KenCarp47
0.020803327,Cost,Standard,model_Beer_MolBioSystems2014,1.0e-8,1.0e-8,0,0,Default,KenCarp47
0.021506705,Cost,Standard,model_Beer_MolBioSystems2014,1.0e-8,1.0e-8,0,0,Default,KenCarp47
0.021227249,Cost,Standard,model_Beer_MolBioSystems2014,1.0e-8,1.0e-8,0,0,Default,KenCarp47
51.177414819000006,Hessian,ForwardDiff,model_Beer_MolBioSystems2014,1.0e-8,1.0e-8,0,0,Default,KenCarp47
50.582581404,Hessian,ForwardDiff,model_Beer_MolBioSystems2014,1.0e-8,1.0e-8,0,0,Default,KenCarp47
50.189309383,Hessian,ForwardDiff,model_Beer_MolBioSystems2014,1.0e-8,1.0e-8,0,0,Default,KenCarp47
0.013943559000000001,Cost,Standard,model_Beer_MolBioSystems2014,1.0e-8,1.0e-8,0,0,Default,QNDF
0.014757454000000001,Cost,Standard,model_Beer_MolBioSystems2014,1.0e-8,1.0e-8,0,0,Default,QNDF
0.013960699,Cost,Standard,model_Beer_MolBioSystems2014,1.0e-8,1.0e-8,0,0,Default,QNDF
0.013847654000000001,Cost,Standard,model_Beer_MolBioSystems2014,1.0e-8,1.0e-8,0,0,Default,QNDF
0.013896654000000001,Cost,Standard,model_Beer_MolBioSystems2014,1.0e-8,1.0e-8,0,0,Default,QNDF
0.013711135000000001,Cost,Standard,model_Beer_MolBioSystems2014,1.0e-8,1.0e-8,0,0,Default,QNDF
0.013834695000000001,Cost,Standard,model_Beer_MolBioSystems2014,1.0e-8,1.0e-8,0,0,Default,QNDF
0.013669143000000002,Cost,Standard,model_Beer_MolBioSystems2014,1.0e-8,1.0e-8,0,0,Default,QNDF
0.013392503,Cost,Standard,model_Beer_MolBioSystems2014,1.0e-8,1.0e-8,0,0,Default,QNDF
0.013078293000000001,Cost,Standard,model_Beer_MolBioSystems2014,1.0e-8,1.0e-8,0,0,Default,QNDF
0.002085359,Hessian,ForwardDiff,model_Beer_MolBioSystems2014,1.0e-8,1.0e-8,0,0,Default,QNDF
0.001748973,Hessian,ForwardDiff,model_Beer_MolBioSystems2014,1.0e-8,1.0e-8,0,0,Default,QNDF
0.001728432,Hessian,ForwardDiff,model_Beer_MolBioSystems2014,1.0e-8,1.0e-8,0,0,Default,QNDF
0.013545588,Cost,Standard,model_Beer_MolBioSystems2014,1.0e-8,1.0e-8,0,0,Default,Vern7(Rodas5P)
0.013924004,Cost,Standard,model_Beer_MolBioSystems2014,1.0e-8,1.0e-8,0,0,Default,Vern7(Rodas5P)
0.013761990000000002,Cost,Standard,model_Beer_MolBioSystems2014,1.0e-8,1.0e-8,0,0,Default,Vern7(Rodas5P)
0.013212668,Cost,Standard,model_Beer_MolBioSystems2014,1.0e-8,1.0e-8,0,0,Default,Vern7(Rodas5P)
0.013566227,Cost,Standard,model_Beer_MolBioSystems2014,1.0e-8,1.0e-8,0,0,Default,Vern7(Rodas5P)
0.013597148000000002,Cost,Standard,model_Beer_MolBioSystems2014,1.0e-8,1.0e-8,0,0,Default,Vern7(Rodas5P)
0.013527627,Cost,Standard,model_Beer_MolBioSystems2014,1.0e-8,1.0e-8,0,0,Default,Vern7(Rodas5P)
0.013471377000000001,Cost,Standard,model_Beer_MolBioSystems2014,1.0e-8,1.0e-8,0,0,Default,Vern7(Rodas5P)
0.013469179000000001,Cost,Standard,model_Beer_MolBioSystems2014,1.0e-8,1.0e-8,0,0,Default,Vern7(Rodas5P)
0.013467322,Cost,Standard,model_Beer_MolBioSystems2014,1.0e-8,1.0e-8,0,0,Default,Vern7(Rodas5P)
37.247681499,Hessian,ForwardDiff,model_Beer_MolBioSystems2014,1.0e-8,1.0e-8,0,0,Default,Vern7(Rodas5P)
37.785894482,Hessian,ForwardDiff,model_Beer_MolBioSystems2014,1.0e-8,1.0e-8,0,0,Default,Vern7(Rodas5P)
37.548629444,Hessian,ForwardDiff,model_Beer_MolBioSystems2014,1.0e-8,1.0e-8,0,0,Default,Vern7(Rodas5P)
0.06899967600000001,Cost,Standard,model_Bachmann_MSB2011,1.0e-8,1.0e-8,0,0,Default,Rodas5P
0.06817199900000001,Cost,Standard,model_Bachmann_MSB2011,1.0e-8,1.0e-8,0,0,Default,Rodas5P
0.069867996,Cost,Standard,model_Bachmann_MSB2011,1.0e-8,1.0e-8,0,0,Default,Rodas5P
0.068452129,Cost,Standard,model_Bachmann_MSB2011,1.0e-8,1.0e-8,0,0,Default,Rodas5P
0.070291831,Cost,Standard,model_Bachmann_MSB2011,1.0e-8,1.0e-8,0,0,Default,Rodas5P
0.07077320000000001,Cost,Standard,model_Bachmann_MSB2011,1.0e-8,1.0e-8,0,0,Default,Rodas5P
0.071301378,Cost,Standard,model_Bachmann_MSB2011,1.0e-8,1.0e-8,0,0,Default,Rodas5P
0.07081712700000001,Cost,Standard,model_Bachmann_MSB2011,1.0e-8,1.0e-8,0,0,Default,Rodas5P
0.073338896,Cost,Standard,model_Bachmann_MSB2011,1.0e-8,1.0e-8,0,0,Default,Rodas5P
0.07209654600000001,Cost,Standard,model_Bachmann_MSB2011,1.0e-8,1.0e-8,0,0,Default,Rodas5P
2461.999361379,Hessian,ForwardDiff,model_Bachmann_MSB2011,1.0e-8,1.0e-8,0,0,Default,Rodas5P
2437.552993052,Hessian,ForwardDiff,model_Bachmann_MSB2011,1.0e-8,1.0e-8,0,0,Default,Rodas5P
2412.8217058660002,Hessian,ForwardDiff,model_Bachmann_MSB2011,1.0e-8,1.0e-8,0,0,Default,Rodas5P
0.09959412100000001,Cost,Standard,model_Bachmann_MSB2011,1.0e-8,1.0e-8,0,0,Default,KenCarp47
0.098750791,Cost,Standard,model_Bachmann_MSB2011,1.0e-8,1.0e-8,0,0,Default,KenCarp47
0.09918755500000001,Cost,Standard,model_Bachmann_MSB2011,1.0e-8,1.0e-8,0,0,Default,KenCarp47
0.09992195400000001,Cost,Standard,model_Bachmann_MSB2011,1.0e-8,1.0e-8,0,0,Default,KenCarp47
0.102466098,Cost,Standard,model_Bachmann_MSB2011,1.0e-8,1.0e-8,0,0,Default,KenCarp47
0.098373579,Cost,Standard,model_Bachmann_MSB2011,1.0e-8,1.0e-8,0,0,Default,KenCarp47
0.102963252,Cost,Standard,model_Bachmann_MSB2011,1.0e-8,1.0e-8,0,0,Default,KenCarp47
0.099315335,Cost,Standard,model_Bachmann_MSB2011,1.0e-8,1.0e-8,0,0,Default,KenCarp47
0.09927973300000001,Cost,Standard,model_Bachmann_MSB2011,1.0e-8,1.0e-8,0,0,Default,KenCarp47
0.097780296,Cost,Standard,model_Bachmann_MSB2011,1.0e-8,1.0e-8,0,0,Default,KenCarp47
2330.719149125,Hessian,ForwardDiff,model_Bachmann_MSB2011,1.0e-8,1.0e-8,0,0,Default,KenCarp47
2348.2701659510003,Hessian,ForwardDiff,model_Bachmann_MSB2011,1.0e-8,1.0e-8,0,0,Default,KenCarp47
2366.022162515,Hessian,ForwardDiff,model_Bachmann_MSB2011,1.0e-8,1.0e-8,0,0,Default,KenCarp47
0.038325166,Cost,Standard,model_Bachmann_MSB2011,1.0e-8,1.0e-8,0,0,Default,QNDF
0.03902606,Cost,Standard,model_Bachmann_MSB2011,1.0e-8,1.0e-8,0,0,Default,QNDF
0.038842779,Cost,Standard,model_Bachmann_MSB2011,1.0e-8,1.0e-8,0,0,Default,QNDF
0.037741127,Cost,Standard,model_Bachmann_MSB2011,1.0e-8,1.0e-8,0,0,Default,QNDF
0.038131522,Cost,Standard,model_Bachmann_MSB2011,1.0e-8,1.0e-8,0,0,Default,QNDF
0.037664957,Cost,Standard,model_Bachmann_MSB2011,1.0e-8,1.0e-8,0,0,Default,QNDF
0.038912648,Cost,Standard,model_Bachmann_MSB2011,1.0e-8,1.0e-8,0,0,Default,QNDF
0.03834796,Cost,Standard,model_Bachmann_MSB2011,1.0e-8,1.0e-8,0,0,Default,QNDF
0.041022035000000005,Cost,Standard,model_Bachmann_MSB2011,1.0e-8,1.0e-8,0,0,Default,QNDF
0.042295805000000006,Cost,Standard,model_Bachmann_MSB2011,1.0e-8,1.0e-8,0,0,Default,QNDF
947.035125822,Hessian,ForwardDiff,model_Bachmann_MSB2011,1.0e-8,1.0e-8,0,0,Default,QNDF
945.6803770800001,Hessian,ForwardDiff,model_Bachmann_MSB2011,1.0e-8,1.0e-8,0,0,Default,QNDF
944.4943808930001,Hessian,ForwardDiff,model_Bachmann_MSB2011,1.0e-8,1.0e-8,0,0,Default,QNDF
0.076707653,Cost,Standard,model_Bachmann_MSB2011,1.0e-8,1.0e-8,0,0,Default,Vern7(Rodas5P)
0.076659631,Cost,Standard,model_Bachmann_MSB2011,1.0e-8,1.0e-8,0,0,Default,Vern7(Rodas5P)
0.07626513500000001,Cost,Standard,model_Bachmann_MSB2011,1.0e-8,1.0e-8,0,0,Default,Vern7(Rodas5P)
0.07683284400000001,Cost,Standard,model_Bachmann_MSB2011,1.0e-8,1.0e-8,0,0,Default,Vern7(Rodas5P)
0.076750464,Cost,Standard,model_Bachmann_MSB2011,1.0e-8,1.0e-8,0,0,Default,Vern7(Rodas5P)
0.073436148,Cost,Standard,model_Bachmann_MSB2011,1.0e-8,1.0e-8,0,0,Default,Vern7(Rodas5P)
0.07379551100000001,Cost,Standard,model_Bachmann_MSB2011,1.0e-8,1.0e-8,0,0,Default,Vern7(Rodas5P)
0.074290878,Cost,Standard,model_Bachmann_MSB2011,1.0e-8,1.0e-8,0,0,Default,Vern7(Rodas5P)
0.07542517800000001,Cost,Standard,model_Bachmann_MSB2011,1.0e-8,1.0e-8,0,0,Default,Vern7(Rodas5P)
0.072857436,Cost,Standard,model_Bachmann_MSB2011,1.0e-8,1.0e-8,0,0,Default,Vern7(Rodas5P)
2689.6927881260003,Hessian,ForwardDiff,model_Bachmann_MSB2011,1.0e-8,1.0e-8,0,0,Default,Vern7(Rodas5P)
2702.5359017250003,Hessian,ForwardDiff,model_Bachmann_MSB2011,1.0e-8,1.0e-8,0,0,Default,Vern7(Rodas5P)
2679.9149328060003,Hessian,ForwardDiff,model_Bachmann_MSB2011,1.0e-8,1.0e-8,0,0,Default,Vern7(Rodas5P)
0.00037669900000000003,Cost,Standard,model_Bruno_JExpBot2016,1.0e-8,1.0e-8,0,0,Default,Rodas5P
0.000368125,Cost,Standard,model_Bruno_JExpBot2016,1.0e-8,1.0e-8,0,0,Default,Rodas5P
0.00036696200000000003,Cost,Standard,model_Bruno_JExpBot2016,1.0e-8,1.0e-8,0,0,Default,Rodas5P
0.000365777,Cost,Standard,model_Bruno_JExpBot2016,1.0e-8,1.0e-8,0,0,Default,Rodas5P
0.00036196000000000004,Cost,Standard,model_Bruno_JExpBot2016,1.0e-8,1.0e-8,0,0,Default,Rodas5P
0.00038921100000000004,Cost,Standard,model_Bruno_JExpBot2016,1.0e-8,1.0e-8,0,0,Default,Rodas5P
0.00038539300000000004,Cost,Standard,model_Bruno_JExpBot2016,1.0e-8,1.0e-8,0,0,Default,Rodas5P
0.000397179,Cost,Standard,model_Bruno_JExpBot2016,1.0e-8,1.0e-8,0,0,Default,Rodas5P
0.000378229,Cost,Standard,model_Bruno_JExpBot2016,1.0e-8,1.0e-8,0,0,Default,Rodas5P
0.000393967,Cost,Standard,model_Bruno_JExpBot2016,1.0e-8,1.0e-8,0,0,Default,Rodas5P
0.054464280000000004,Hessian,ForwardDiff,model_Bruno_JExpBot2016,1.0e-8,1.0e-8,0,0,Default,Rodas5P
0.053362826,Hessian,ForwardDiff,model_Bruno_JExpBot2016,1.0e-8,1.0e-8,0,0,Default,Rodas5P
0.051391939000000005,Hessian,ForwardDiff,model_Bruno_JExpBot2016,1.0e-8,1.0e-8,0,0,Default,Rodas5P
0.001240425,Cost,Standard,model_Bruno_JExpBot2016,1.0e-8,1.0e-8,0,0,Default,KenCarp47
0.00140087,Cost,Standard,model_Bruno_JExpBot2016,1.0e-8,1.0e-8,0,0,Default,KenCarp47
0.001354346,Cost,Standard,model_Bruno_JExpBot2016,1.0e-8,1.0e-8,0,0,Default,KenCarp47
0.001341547,Cost,Standard,model_Bruno_JExpBot2016,1.0e-8,1.0e-8,0,0,Default,KenCarp47
0.001419357,Cost,Standard,model_Bruno_JExpBot2016,1.0e-8,1.0e-8,0,0,Default,KenCarp47
0.00129676,Cost,Standard,model_Bruno_JExpBot2016,1.0e-8,1.0e-8,0,0,Default,KenCarp47
0.001290713,Cost,Standard,model_Bruno_JExpBot2016,1.0e-8,1.0e-8,0,0,Default,KenCarp47
0.00142927,Cost,Standard,model_Bruno_JExpBot2016,1.0e-8,1.0e-8,0,0,Default,KenCarp47
0.001310105,Cost,Standard,model_Bruno_JExpBot2016,1.0e-8,1.0e-8,0,0,Default,KenCarp47
0.001280728,Cost,Standard,model_Bruno_JExpBot2016,1.0e-8,1.0e-8,0,0,Default,KenCarp47
0.156884313,Hessian,ForwardDiff,model_Bruno_JExpBot2016,1.0e-8,1.0e-8,0,0,Default,KenCarp47
0.163661847,Hessian,ForwardDiff,model_Bruno_JExpBot2016,1.0e-8,1.0e-8,0,0,Default,KenCarp47
0.16227001900000002,Hessian,ForwardDiff,model_Bruno_JExpBot2016,1.0e-8,1.0e-8,0,0,Default,KenCarp47
0.0018045250000000002,Cost,Standard,model_Bruno_JExpBot2016,1.0e-8,1.0e-8,0,0,Default,QNDF
0.000597169,Cost,Standard,model_Bruno_JExpBot2016,1.0e-8,1.0e-8,0,0,Default,QNDF
0.000626949,Cost,Standard,model_Bruno_JExpBot2016,1.0e-8,1.0e-8,0,0,Default,QNDF
0.000662307,Cost,Standard,model_Bruno_JExpBot2016,1.0e-8,1.0e-8,0,0,Default,QNDF
0.000635245,Cost,Standard,model_Bruno_JExpBot2016,1.0e-8,1.0e-8,0,0,Default,QNDF
0.00060072,Cost,Standard,model_Bruno_JExpBot2016,1.0e-8,1.0e-8,0,0,Default,QNDF
0.0005624660000000001,Cost,Standard,model_Bruno_JExpBot2016,1.0e-8,1.0e-8,0,0,Default,QNDF
0.0005549600000000001,Cost,Standard,model_Bruno_JExpBot2016,1.0e-8,1.0e-8,0,0,Default,QNDF
0.000597671,Cost,Standard,model_Bruno_JExpBot2016,1.0e-8,1.0e-8,0,0,Default,QNDF
0.0006551560000000001,Cost,Standard,model_Bruno_JExpBot2016,1.0e-8,1.0e-8,0,0,Default,QNDF
0.057190322,Hessian,ForwardDiff,model_Bruno_JExpBot2016,1.0e-8,1.0e-8,0,0,Default,QNDF
0.056107761000000006,Hessian,ForwardDiff,model_Bruno_JExpBot2016,1.0e-8,1.0e-8,0,0,Default,QNDF
0.056854381,Hessian,ForwardDiff,model_Bruno_JExpBot2016,1.0e-8,1.0e-8,0,0,Default,QNDF
0.000229315,Cost,Standard,model_Bruno_JExpBot2016,1.0e-8,1.0e-8,0,0,Default,Vern7(Rodas5P)
0.00017396500000000002,Cost,Standard,model_Bruno_JExpBot2016,1.0e-8,1.0e-8,0,0,Default,Vern7(Rodas5P)
0.000167001,Cost,Standard,model_Bruno_JExpBot2016,1.0e-8,1.0e-8,0,0,Default,Vern7(Rodas5P)
0.00016722000000000002,Cost,Standard,model_Bruno_JExpBot2016,1.0e-8,1.0e-8,0,0,Default,Vern7(Rodas5P)
0.00017478100000000002,Cost,Standard,model_Bruno_JExpBot2016,1.0e-8,1.0e-8,0,0,Default,Vern7(Rodas5P)
0.00019131400000000002,Cost,Standard,model_Bruno_JExpBot2016,1.0e-8,1.0e-8,0,0,Default,Vern7(Rodas5P)
0.000182479,Cost,Standard,model_Bruno_JExpBot2016,1.0e-8,1.0e-8,0,0,Default,Vern7(Rodas5P)
0.00019436100000000002,Cost,Standard,model_Bruno_JExpBot2016,1.0e-8,1.0e-8,0,0,Default,Vern7(Rodas5P)
0.00019879900000000002,Cost,Standard,model_Bruno_JExpBot2016,1.0e-8,1.0e-8,0,0,Default,Vern7(Rodas5P)
0.00021233200000000003,Cost,Standard,model_Bruno_JExpBot2016,1.0e-8,1.0e-8,0,0,Default,Vern7(Rodas5P)
0.024359600000000002,Hessian,ForwardDiff,model_Bruno_JExpBot2016,1.0e-8,1.0e-8,0,0,Default,Vern7(Rodas5P)
0.023350227,Hessian,ForwardDiff,model_Bruno_JExpBot2016,1.0e-8,1.0e-8,0,0,Default,Vern7(Rodas5P)
0.025401458000000002,Hessian,ForwardDiff,model_Bruno_JExpBot2016,1.0e-8,1.0e-8,0,0,Default,Vern7(Rodas5P)
0.001021818,Cost,Standard,model_Crauste_CellSystems2017,1.0e-8,1.0e-8,0,0,Default,Rodas5P
0.0009448750000000001,Cost,Standard,model_Crauste_CellSystems2017,1.0e-8,1.0e-8,0,0,Default,Rodas5P
0.000935086,Cost,Standard,model_Crauste_CellSystems2017,1.0e-8,1.0e-8,0,0,Default,Rodas5P
0.000968711,Cost,Standard,model_Crauste_CellSystems2017,1.0e-8,1.0e-8,0,0,Default,Rodas5P
0.000995082,Cost,Standard,model_Crauste_CellSystems2017,1.0e-8,1.0e-8,0,0,Default,Rodas5P
0.000966151,Cost,Standard,model_Crauste_CellSystems2017,1.0e-8,1.0e-8,0,0,Default,Rodas5P
0.0010462240000000001,Cost,Standard,model_Crauste_CellSystems2017,1.0e-8,1.0e-8,0,0,Default,Rodas5P
0.0009738,Cost,Standard,model_Crauste_CellSystems2017,1.0e-8,1.0e-8,0,0,Default,Rodas5P
0.0010006540000000001,Cost,Standard,model_Crauste_CellSystems2017,1.0e-8,1.0e-8,0,0,Default,Rodas5P
0.000984239,Cost,Standard,model_Crauste_CellSystems2017,1.0e-8,1.0e-8,0,0,Default,Rodas5P
0.184229216,Hessian,ForwardDiff,model_Crauste_CellSystems2017,1.0e-8,1.0e-8,0,0,Default,Rodas5P
0.18568468400000002,Hessian,ForwardDiff,model_Crauste_CellSystems2017,1.0e-8,1.0e-8,0,0,Default,Rodas5P
0.183893155,Hessian,ForwardDiff,model_Crauste_CellSystems2017,1.0e-8,1.0e-8,0,0,Default,Rodas5P
0.0014557090000000001,Cost,Standard,model_Crauste_CellSystems2017,1.0e-8,1.0e-8,0,0,Default,KenCarp47
0.001446363,Cost,Standard,model_Crauste_CellSystems2017,1.0e-8,1.0e-8,0,0,Default,KenCarp47
0.001334988,Cost,Standard,model_Crauste_CellSystems2017,1.0e-8,1.0e-8,0,0,Default,KenCarp47
0.00139678,Cost,Standard,model_Crauste_CellSystems2017,1.0e-8,1.0e-8,0,0,Default,KenCarp47
0.0013614410000000001,Cost,Standard,model_Crauste_CellSystems2017,1.0e-8,1.0e-8,0,0,Default,KenCarp47
0.001326149,Cost,Standard,model_Crauste_CellSystems2017,1.0e-8,1.0e-8,0,0,Default,KenCarp47
0.001404696,Cost,Standard,model_Crauste_CellSystems2017,1.0e-8,1.0e-8,0,0,Default,KenCarp47
0.00138295,Cost,Standard,model_Crauste_CellSystems2017,1.0e-8,1.0e-8,0,0,Default,KenCarp47
0.001364612,Cost,Standard,model_Crauste_CellSystems2017,1.0e-8,1.0e-8,0,0,Default,KenCarp47
0.001403677,Cost,Standard,model_Crauste_CellSystems2017,1.0e-8,1.0e-8,0,0,Default,KenCarp47
0.229298141,Hessian,ForwardDiff,model_Crauste_CellSystems2017,1.0e-8,1.0e-8,0,0,Default,KenCarp47
0.22940037900000002,Hessian,ForwardDiff,model_Crauste_CellSystems2017,1.0e-8,1.0e-8,0,0,Default,KenCarp47
0.22953284100000002,Hessian,ForwardDiff,model_Crauste_CellSystems2017,1.0e-8,1.0e-8,0,0,Default,KenCarp47
0.0011916230000000002,Cost,Standard,model_Crauste_CellSystems2017,1.0e-8,1.0e-8,0,0,Default,QNDF
0.001056675,Cost,Standard,model_Crauste_CellSystems2017,1.0e-8,1.0e-8,0,0,Default,QNDF
0.0010364900000000002,Cost,Standard,model_Crauste_CellSystems2017,1.0e-8,1.0e-8,0,0,Default,QNDF
0.001393761,Cost,Standard,model_Crauste_CellSystems2017,1.0e-8,1.0e-8,0,0,Default,QNDF
0.001161607,Cost,Standard,model_Crauste_CellSystems2017,1.0e-8,1.0e-8,0,0,Default,QNDF
0.0018284870000000002,Cost,Standard,model_Crauste_CellSystems2017,1.0e-8,1.0e-8,0,0,Default,QNDF
0.0012307750000000001,Cost,Standard,model_Crauste_CellSystems2017,1.0e-8,1.0e-8,0,0,Default,QNDF
0.001010458,Cost,Standard,model_Crauste_CellSystems2017,1.0e-8,1.0e-8,0,0,Default,QNDF
0.001007159,Cost,Standard,model_Crauste_CellSystems2017,1.0e-8,1.0e-8,0,0,Default,QNDF
0.0011084670000000001,Cost,Standard,model_Crauste_CellSystems2017,1.0e-8,1.0e-8,0,0,Default,QNDF
0.112199327,Hessian,ForwardDiff,model_Crauste_CellSystems2017,1.0e-8,1.0e-8,0,0,Default,QNDF
0.11019940700000001,Hessian,ForwardDiff,model_Crauste_CellSystems2017,1.0e-8,1.0e-8,0,0,Default,QNDF
0.111084136,Hessian,ForwardDiff,model_Crauste_CellSystems2017,1.0e-8,1.0e-8,0,0,Default,QNDF
0.00013673300000000002,Cost,Standard,model_Crauste_CellSystems2017,1.0e-8,1.0e-8,0,0,Default,Vern7(Rodas5P)
0.000124153,Cost,Standard,model_Crauste_CellSystems2017,1.0e-8,1.0e-8,0,0,Default,Vern7(Rodas5P)
0.00020064800000000002,Cost,Standard,model_Crauste_CellSystems2017,1.0e-8,1.0e-8,0,0,Default,Vern7(Rodas5P)
0.000158307,Cost,Standard,model_Crauste_CellSystems2017,1.0e-8,1.0e-8,0,0,Default,Vern7(Rodas5P)
0.0008865190000000001,Cost,Standard,model_Crauste_CellSystems2017,1.0e-8,1.0e-8,0,0,Default,Vern7(Rodas5P)
0.000142516,Cost,Standard,model_Crauste_CellSystems2017,1.0e-8,1.0e-8,0,0,Default,Vern7(Rodas5P)
0.000125088,Cost,Standard,model_Crauste_CellSystems2017,1.0e-8,1.0e-8,0,0,Default,Vern7(Rodas5P)
0.00022784000000000001,Cost,Standard,model_Crauste_CellSystems2017,1.0e-8,1.0e-8,0,0,Default,Vern7(Rodas5P)
0.000128114,Cost,Standard,model_Crauste_CellSystems2017,1.0e-8,1.0e-8,0,0,Default,Vern7(Rodas5P)
0.000125976,Cost,Standard,model_Crauste_CellSystems2017,1.0e-8,1.0e-8,0,0,Default,Vern7(Rodas5P)
0.03929461,Hessian,ForwardDiff,model_Crauste_CellSystems2017,1.0e-8,1.0e-8,0,0,Default,Vern7(Rodas5P)
0.038694118,Hessian,ForwardDiff,model_Crauste_CellSystems2017,1.0e-8,1.0e-8,0,0,Default,Vern7(Rodas5P)
0.039399189,Hessian,ForwardDiff,model_Crauste_CellSystems2017,1.0e-8,1.0e-8,0,0,Default,Vern7(Rodas5P)
0.003937111,Cost,Standard,model_Elowitz_Nature2000,1.0e-8,1.0e-8,0,0,Default,Rodas5P
0.003913361000000001,Cost,Standard,model_Elowitz_Nature2000,1.0e-8,1.0e-8,0,0,Default,Rodas5P
0.0038964570000000003,Cost,Standard,model_Elowitz_Nature2000,1.0e-8,1.0e-8,0,0,Default,Rodas5P
0.0038995630000000004,Cost,Standard,model_Elowitz_Nature2000,1.0e-8,1.0e-8,0,0,Default,Rodas5P
0.004009958,Cost,Standard,model_Elowitz_Nature2000,1.0e-8,1.0e-8,0,0,Default,Rodas5P
0.003970986,Cost,Standard,model_Elowitz_Nature2000,1.0e-8,1.0e-8,0,0,Default,Rodas5P
0.0038383140000000002,Cost,Standard,model_Elowitz_Nature2000,1.0e-8,1.0e-8,0,0,Default,Rodas5P
0.0038317010000000003,Cost,Standard,model_Elowitz_Nature2000,1.0e-8,1.0e-8,0,0,Default,Rodas5P
0.0038378820000000004,Cost,Standard,model_Elowitz_Nature2000,1.0e-8,1.0e-8,0,0,Default,Rodas5P
0.003982701,Cost,Standard,model_Elowitz_Nature2000,1.0e-8,1.0e-8,0,0,Default,Rodas5P
1.00385229,Hessian,ForwardDiff,model_Elowitz_Nature2000,1.0e-8,1.0e-8,0,0,Default,Rodas5P
1.003130279,Hessian,ForwardDiff,model_Elowitz_Nature2000,1.0e-8,1.0e-8,0,0,Default,Rodas5P
0.983250037,Hessian,ForwardDiff,model_Elowitz_Nature2000,1.0e-8,1.0e-8,0,0,Default,Rodas5P
0.006898507000000001,Cost,Standard,model_Elowitz_Nature2000,1.0e-8,1.0e-8,0,0,Default,KenCarp47
0.006513949000000001,Cost,Standard,model_Elowitz_Nature2000,1.0e-8,1.0e-8,0,0,Default,KenCarp47
0.006442307,Cost,Standard,model_Elowitz_Nature2000,1.0e-8,1.0e-8,0,0,Default,KenCarp47
0.006434008000000001,Cost,Standard,model_Elowitz_Nature2000,1.0e-8,1.0e-8,0,0,Default,KenCarp47
0.006462083,Cost,Standard,model_Elowitz_Nature2000,1.0e-8,1.0e-8,0,0,Default,KenCarp47
0.00611796,Cost,Standard,model_Elowitz_Nature2000,1.0e-8,1.0e-8,0,0,Default,KenCarp47
0.0062135820000000005,Cost,Standard,model_Elowitz_Nature2000,1.0e-8,1.0e-8,0,0,Default,KenCarp47
0.006159417,Cost,Standard,model_Elowitz_Nature2000,1.0e-8,1.0e-8,0,0,Default,KenCarp47
0.006539036000000001,Cost,Standard,model_Elowitz_Nature2000,1.0e-8,1.0e-8,0,0,Default,KenCarp47
0.0062461750000000005,Cost,Standard,model_Elowitz_Nature2000,1.0e-8,1.0e-8,0,0,Default,KenCarp47
1.331789906,Hessian,ForwardDiff,model_Elowitz_Nature2000,1.0e-8,1.0e-8,0,0,Default,KenCarp47
1.3241421400000002,Hessian,ForwardDiff,model_Elowitz_Nature2000,1.0e-8,1.0e-8,0,0,Default,KenCarp47
1.309501076,Hessian,ForwardDiff,model_Elowitz_Nature2000,1.0e-8,1.0e-8,0,0,Default,KenCarp47
0.002661442,Cost,Standard,model_Elowitz_Nature2000,1.0e-8,1.0e-8,0,0,Default,QNDF
0.003685839,Cost,Standard,model_Elowitz_Nature2000,1.0e-8,1.0e-8,0,0,Default,QNDF
0.002838475,Cost,Standard,model_Elowitz_Nature2000,1.0e-8,1.0e-8,0,0,Default,QNDF
0.0029302020000000002,Cost,Standard,model_Elowitz_Nature2000,1.0e-8,1.0e-8,0,0,Default,QNDF
0.002737975,Cost,Standard,model_Elowitz_Nature2000,1.0e-8,1.0e-8,0,0,Default,QNDF
0.002910438,Cost,Standard,model_Elowitz_Nature2000,1.0e-8,1.0e-8,0,0,Default,QNDF
0.002658409,Cost,Standard,model_Elowitz_Nature2000,1.0e-8,1.0e-8,0,0,Default,QNDF
0.002546102,Cost,Standard,model_Elowitz_Nature2000,1.0e-8,1.0e-8,0,0,Default,QNDF
0.0026924500000000003,Cost,Standard,model_Elowitz_Nature2000,1.0e-8,1.0e-8,0,0,Default,QNDF
0.002668568,Cost,Standard,model_Elowitz_Nature2000,1.0e-8,1.0e-8,0,0,Default,QNDF
0.5923044080000001,Hessian,ForwardDiff,model_Elowitz_Nature2000,1.0e-8,1.0e-8,0,0,Default,QNDF
0.6054940520000001,Hessian,ForwardDiff,model_Elowitz_Nature2000,1.0e-8,1.0e-8,0,0,Default,QNDF
0.5863841830000001,Hessian,ForwardDiff,model_Elowitz_Nature2000,1.0e-8,1.0e-8,0,0,Default,QNDF
0.004574787,Cost,Standard,model_Elowitz_Nature2000,1.0e-8,1.0e-8,0,0,Default,Vern7(Rodas5P)
0.00651232,Cost,Standard,model_Elowitz_Nature2000,1.0e-8,1.0e-8,0,0,Default,Vern7(Rodas5P)
0.00514912,Cost,Standard,model_Elowitz_Nature2000,1.0e-8,1.0e-8,0,0,Default,Vern7(Rodas5P)
0.004532058,Cost,Standard,model_Elowitz_Nature2000,1.0e-8,1.0e-8,0,0,Default,Vern7(Rodas5P)
0.004212492,Cost,Standard,model_Elowitz_Nature2000,1.0e-8,1.0e-8,0,0,Default,Vern7(Rodas5P)
0.004211614000000001,Cost,Standard,model_Elowitz_Nature2000,1.0e-8,1.0e-8,0,0,Default,Vern7(Rodas5P)
0.004243956,Cost,Standard,model_Elowitz_Nature2000,1.0e-8,1.0e-8,0,0,Default,Vern7(Rodas5P)
0.004375942,Cost,Standard,model_Elowitz_Nature2000,1.0e-8,1.0e-8,0,0,Default,Vern7(Rodas5P)
0.0043010520000000005,Cost,Standard,model_Elowitz_Nature2000,1.0e-8,1.0e-8,0,0,Default,Vern7(Rodas5P)
0.004480297,Cost,Standard,model_Elowitz_Nature2000,1.0e-8,1.0e-8,0,0,Default,Vern7(Rodas5P)
1.0380895030000001,Hessian,ForwardDiff,model_Elowitz_Nature2000,1.0e-8,1.0e-8,0,0,Default,Vern7(Rodas5P)
1.03346169,Hessian,ForwardDiff,model_Elowitz_Nature2000,1.0e-8,1.0e-8,0,0,Default,Vern7(Rodas5P)
1.049868108,Hessian,ForwardDiff,model_Elowitz_Nature2000,1.0e-8,1.0e-8,0,0,Default,Vern7(Rodas5P)
0.000886892,Cost,Standard,model_Fiedler_BMC2016,1.0e-8,1.0e-8,0,0,Default,Rodas5P
0.0008845700000000001,Cost,Standard,model_Fiedler_BMC2016,1.0e-8,1.0e-8,0,0,Default,Rodas5P
0.000794691,Cost,Standard,model_Fiedler_BMC2016,1.0e-8,1.0e-8,0,0,Default,Rodas5P
0.0008719400000000001,Cost,Standard,model_Fiedler_BMC2016,1.0e-8,1.0e-8,0,0,Default,Rodas5P
0.000937717,Cost,Standard,model_Fiedler_BMC2016,1.0e-8,1.0e-8,0,0,Default,Rodas5P
0.000909058,Cost,Standard,model_Fiedler_BMC2016,1.0e-8,1.0e-8,0,0,Default,Rodas5P
0.000908053,Cost,Standard,model_Fiedler_BMC2016,1.0e-8,1.0e-8,0,0,Default,Rodas5P
0.000828699,Cost,Standard,model_Fiedler_BMC2016,1.0e-8,1.0e-8,0,0,Default,Rodas5P
0.000904011,Cost,Standard,model_Fiedler_BMC2016,1.0e-8,1.0e-8,0,0,Default,Rodas5P
0.0008435280000000001,Cost,Standard,model_Fiedler_BMC2016,1.0e-8,1.0e-8,0,0,Default,Rodas5P
0.411178543,Hessian,ForwardDiff,model_Fiedler_BMC2016,1.0e-8,1.0e-8,0,0,Default,Rodas5P
0.41826761900000003,Hessian,ForwardDiff,model_Fiedler_BMC2016,1.0e-8,1.0e-8,0,0,Default,Rodas5P
0.40915639600000003,Hessian,ForwardDiff,model_Fiedler_BMC2016,1.0e-8,1.0e-8,0,0,Default,Rodas5P
0.0009679010000000001,Cost,Standard,model_Fiedler_BMC2016,1.0e-8,1.0e-8,0,0,Default,KenCarp47
0.001001395,Cost,Standard,model_Fiedler_BMC2016,1.0e-8,1.0e-8,0,0,Default,KenCarp47
0.0009244720000000001,Cost,Standard,model_Fiedler_BMC2016,1.0e-8,1.0e-8,0,0,Default,KenCarp47
0.000993886,Cost,Standard,model_Fiedler_BMC2016,1.0e-8,1.0e-8,0,0,Default,KenCarp47
0.000900264,Cost,Standard,model_Fiedler_BMC2016,1.0e-8,1.0e-8,0,0,Default,KenCarp47
0.000935102,Cost,Standard,model_Fiedler_BMC2016,1.0e-8,1.0e-8,0,0,Default,KenCarp47
0.000936644,Cost,Standard,model_Fiedler_BMC2016,1.0e-8,1.0e-8,0,0,Default,KenCarp47
0.000982727,Cost,Standard,model_Fiedler_BMC2016,1.0e-8,1.0e-8,0,0,Default,KenCarp47
0.0009349240000000001,Cost,Standard,model_Fiedler_BMC2016,1.0e-8,1.0e-8,0,0,Default,KenCarp47
0.0008867980000000001,Cost,Standard,model_Fiedler_BMC2016,1.0e-8,1.0e-8,0,0,Default,KenCarp47
0.316609321,Hessian,ForwardDiff,model_Fiedler_BMC2016,1.0e-8,1.0e-8,0,0,Default,KenCarp47
0.31640053500000004,Hessian,ForwardDiff,model_Fiedler_BMC2016,1.0e-8,1.0e-8,0,0,Default,KenCarp47
0.30859600000000004,Hessian,ForwardDiff,model_Fiedler_BMC2016,1.0e-8,1.0e-8,0,0,Default,KenCarp47
0.002242291,Cost,Standard,model_Fiedler_BMC2016,1.0e-8,1.0e-8,0,0,Default,QNDF
0.001035225,Cost,Standard,model_Fiedler_BMC2016,1.0e-8,1.0e-8,0,0,Default,QNDF
0.0008633590000000001,Cost,Standard,model_Fiedler_BMC2016,1.0e-8,1.0e-8,0,0,Default,QNDF
0.0009346290000000001,Cost,Standard,model_Fiedler_BMC2016,1.0e-8,1.0e-8,0,0,Default,QNDF
0.0008709280000000001,Cost,Standard,model_Fiedler_BMC2016,1.0e-8,1.0e-8,0,0,Default,QNDF
0.0009552180000000001,Cost,Standard,model_Fiedler_BMC2016,1.0e-8,1.0e-8,0,0,Default,QNDF
0.0008882810000000001,Cost,Standard,model_Fiedler_BMC2016,1.0e-8,1.0e-8,0,0,Default,QNDF
0.0008443140000000001,Cost,Standard,model_Fiedler_BMC2016,1.0e-8,1.0e-8,0,0,Default,QNDF
0.00086921,Cost,Standard,model_Fiedler_BMC2016,1.0e-8,1.0e-8,0,0,Default,QNDF
0.000998759,Cost,Standard,model_Fiedler_BMC2016,1.0e-8,1.0e-8,0,0,Default,QNDF
0.233774488,Hessian,ForwardDiff,model_Fiedler_BMC2016,1.0e-8,1.0e-8,0,0,Default,QNDF
0.23533208000000003,Hessian,ForwardDiff,model_Fiedler_BMC2016,1.0e-8,1.0e-8,0,0,Default,QNDF
0.234705888,Hessian,ForwardDiff,model_Fiedler_BMC2016,1.0e-8,1.0e-8,0,0,Default,QNDF
0.00038492,Cost,Standard,model_Fiedler_BMC2016,1.0e-8,1.0e-8,0,0,Default,Vern7(Rodas5P)
0.001792519,Cost,Standard,model_Fiedler_BMC2016,1.0e-8,1.0e-8,0,0,Default,Vern7(Rodas5P)
0.000334216,Cost,Standard,model_Fiedler_BMC2016,1.0e-8,1.0e-8,0,0,Default,Vern7(Rodas5P)
0.000292431,Cost,Standard,model_Fiedler_BMC2016,1.0e-8,1.0e-8,0,0,Default,Vern7(Rodas5P)
0.00030025,Cost,Standard,model_Fiedler_BMC2016,1.0e-8,1.0e-8,0,0,Default,Vern7(Rodas5P)
0.000320678,Cost,Standard,model_Fiedler_BMC2016,1.0e-8,1.0e-8,0,0,Default,Vern7(Rodas5P)
0.00031828600000000004,Cost,Standard,model_Fiedler_BMC2016,1.0e-8,1.0e-8,0,0,Default,Vern7(Rodas5P)
0.000269239,Cost,Standard,model_Fiedler_BMC2016,1.0e-8,1.0e-8,0,0,Default,Vern7(Rodas5P)
0.000269832,Cost,Standard,model_Fiedler_BMC2016,1.0e-8,1.0e-8,0,0,Default,Vern7(Rodas5P)
0.000267429,Cost,Standard,model_Fiedler_BMC2016,1.0e-8,1.0e-8,0,0,Default,Vern7(Rodas5P)
0.14032144000000002,Hessian,ForwardDiff,model_Fiedler_BMC2016,1.0e-8,1.0e-8,0,0,Default,Vern7(Rodas5P)
0.141036728,Hessian,ForwardDiff,model_Fiedler_BMC2016,1.0e-8,1.0e-8,0,0,Default,Vern7(Rodas5P)
0.136715837,Hessian,ForwardDiff,model_Fiedler_BMC2016,1.0e-8,1.0e-8,0,0,Default,Vern7(Rodas5P)
0.003317228,Cost,Standard,model_Fujita_SciSignal2010,1.0e-8,1.0e-8,0,0,Default,Rodas5P
0.003326396,Cost,Standard,model_Fujita_SciSignal2010,1.0e-8,1.0e-8,0,0,Default,Rodas5P
0.0033450180000000004,Cost,Standard,model_Fujita_SciSignal2010,1.0e-8,1.0e-8,0,0,Default,Rodas5P
0.00338987,Cost,Standard,model_Fujita_SciSignal2010,1.0e-8,1.0e-8,0,0,Default,Rodas5P
0.003253445,Cost,Standard,model_Fujita_SciSignal2010,1.0e-8,1.0e-8,0,0,Default,Rodas5P
0.003365242,Cost,Standard,model_Fujita_SciSignal2010,1.0e-8,1.0e-8,0,0,Default,Rodas5P
0.00352424,Cost,Standard,model_Fujita_SciSignal2010,1.0e-8,1.0e-8,0,0,Default,Rodas5P
0.003401452,Cost,Standard,model_Fujita_SciSignal2010,1.0e-8,1.0e-8,0,0,Default,Rodas5P
0.0034417790000000003,Cost,Standard,model_Fujita_SciSignal2010,1.0e-8,1.0e-8,0,0,Default,Rodas5P
0.003367239,Cost,Standard,model_Fujita_SciSignal2010,1.0e-8,1.0e-8,0,0,Default,Rodas5P
1.081777266,Hessian,ForwardDiff,model_Fujita_SciSignal2010,1.0e-8,1.0e-8,0,0,Default,Rodas5P
1.052180574,Hessian,ForwardDiff,model_Fujita_SciSignal2010,1.0e-8,1.0e-8,0,0,Default,Rodas5P
1.0322912690000001,Hessian,ForwardDiff,model_Fujita_SciSignal2010,1.0e-8,1.0e-8,0,0,Default,Rodas5P
0.012427688000000001,Cost,Standard,model_Fujita_SciSignal2010,1.0e-8,1.0e-8,0,0,Default,KenCarp47
0.011569995000000001,Cost,Standard,model_Fujita_SciSignal2010,1.0e-8,1.0e-8,0,0,Default,KenCarp47
0.011721328000000001,Cost,Standard,model_Fujita_SciSignal2010,1.0e-8,1.0e-8,0,0,Default,KenCarp47
0.01151065,Cost,Standard,model_Fujita_SciSignal2010,1.0e-8,1.0e-8,0,0,Default,KenCarp47
0.011418564,Cost,Standard,model_Fujita_SciSignal2010,1.0e-8,1.0e-8,0,0,Default,KenCarp47
0.011586301,Cost,Standard,model_Fujita_SciSignal2010,1.0e-8,1.0e-8,0,0,Default,KenCarp47
0.011527415000000001,Cost,Standard,model_Fujita_SciSignal2010,1.0e-8,1.0e-8,0,0,Default,KenCarp47
0.011389362,Cost,Standard,model_Fujita_SciSignal2010,1.0e-8,1.0e-8,0,0,Default,KenCarp47
0.011660845000000001,Cost,Standard,model_Fujita_SciSignal2010,1.0e-8,1.0e-8,0,0,Default,KenCarp47
0.011725030000000001,Cost,Standard,model_Fujita_SciSignal2010,1.0e-8,1.0e-8,0,0,Default,KenCarp47
2.850425652,Hessian,ForwardDiff,model_Fujita_SciSignal2010,1.0e-8,1.0e-8,0,0,Default,KenCarp47
2.852928197,Hessian,ForwardDiff,model_Fujita_SciSignal2010,1.0e-8,1.0e-8,0,0,Default,KenCarp47
2.9118606750000002,Hessian,ForwardDiff,model_Fujita_SciSignal2010,1.0e-8,1.0e-8,0,0,Default,KenCarp47
0.0059079760000000005,Cost,Standard,model_Fujita_SciSignal2010,1.0e-8,1.0e-8,0,0,Default,QNDF
0.004232364000000001,Cost,Standard,model_Fujita_SciSignal2010,1.0e-8,1.0e-8,0,0,Default,QNDF
0.004382286,Cost,Standard,model_Fujita_SciSignal2010,1.0e-8,1.0e-8,0,0,Default,QNDF
0.004485801,Cost,Standard,model_Fujita_SciSignal2010,1.0e-8,1.0e-8,0,0,Default,QNDF
0.004584295,Cost,Standard,model_Fujita_SciSignal2010,1.0e-8,1.0e-8,0,0,Default,QNDF
0.004717016,Cost,Standard,model_Fujita_SciSignal2010,1.0e-8,1.0e-8,0,0,Default,QNDF
0.004885250000000001,Cost,Standard,model_Fujita_SciSignal2010,1.0e-8,1.0e-8,0,0,Default,QNDF
0.00456666,Cost,Standard,model_Fujita_SciSignal2010,1.0e-8,1.0e-8,0,0,Default,QNDF
0.004202565,Cost,Standard,model_Fujita_SciSignal2010,1.0e-8,1.0e-8,0,0,Default,QNDF
0.004750027,Cost,Standard,model_Fujita_SciSignal2010,1.0e-8,1.0e-8,0,0,Default,QNDF
0.9257784090000001,Hessian,ForwardDiff,model_Fujita_SciSignal2010,1.0e-8,1.0e-8,0,0,Default,QNDF
0.981097536,Hessian,ForwardDiff,model_Fujita_SciSignal2010,1.0e-8,1.0e-8,0,0,Default,QNDF
0.9621966590000001,Hessian,ForwardDiff,model_Fujita_SciSignal2010,1.0e-8,1.0e-8,0,0,Default,QNDF
0.0040296740000000005,Cost,Standard,model_Fujita_SciSignal2010,1.0e-8,1.0e-8,0,0,Default,Vern7(Rodas5P)
0.0058026760000000005,Cost,Standard,model_Fujita_SciSignal2010,1.0e-8,1.0e-8,0,0,Default,Vern7(Rodas5P)
0.003655278,Cost,Standard,model_Fujita_SciSignal2010,1.0e-8,1.0e-8,0,0,Default,Vern7(Rodas5P)
0.0035163660000000004,Cost,Standard,model_Fujita_SciSignal2010,1.0e-8,1.0e-8,0,0,Default,Vern7(Rodas5P)
0.0036359760000000004,Cost,Standard,model_Fujita_SciSignal2010,1.0e-8,1.0e-8,0,0,Default,Vern7(Rodas5P)
0.0037897850000000004,Cost,Standard,model_Fujita_SciSignal2010,1.0e-8,1.0e-8,0,0,Default,Vern7(Rodas5P)
0.003997385,Cost,Standard,model_Fujita_SciSignal2010,1.0e-8,1.0e-8,0,0,Default,Vern7(Rodas5P)
0.003631056,Cost,Standard,model_Fujita_SciSignal2010,1.0e-8,1.0e-8,0,0,Default,Vern7(Rodas5P)
0.0036474640000000004,Cost,Standard,model_Fujita_SciSignal2010,1.0e-8,1.0e-8,0,0,Default,Vern7(Rodas5P)
0.0037366150000000004,Cost,Standard,model_Fujita_SciSignal2010,1.0e-8,1.0e-8,0,0,Default,Vern7(Rodas5P)
1.1172370120000001,Hessian,ForwardDiff,model_Fujita_SciSignal2010,1.0e-8,1.0e-8,0,0,Default,Vern7(Rodas5P)
1.1267380310000001,Hessian,ForwardDiff,model_Fujita_SciSignal2010,1.0e-8,1.0e-8,0,0,Default,Vern7(Rodas5P)
1.1138665730000001,Hessian,ForwardDiff,model_Fujita_SciSignal2010,1.0e-8,1.0e-8,0,0,Default,Vern7(Rodas5P)
0.059946580000000006,Cost,Standard,model_Lucarelli_CellSystems2018,1.0e-8,1.0e-8,0,0,Default,Rodas5P
0.059538045000000005,Cost,Standard,model_Lucarelli_CellSystems2018,1.0e-8,1.0e-8,0,0,Default,Rodas5P
0.062258702000000006,Cost,Standard,model_Lucarelli_CellSystems2018,1.0e-8,1.0e-8,0,0,Default,Rodas5P
0.059368963000000004,Cost,Standard,model_Lucarelli_CellSystems2018,1.0e-8,1.0e-8,0,0,Default,Rodas5P
0.061612696,Cost,Standard,model_Lucarelli_CellSystems2018,1.0e-8,1.0e-8,0,0,Default,Rodas5P
0.060583618000000006,Cost,Standard,model_Lucarelli_CellSystems2018,1.0e-8,1.0e-8,0,0,Default,Rodas5P
0.062082737000000006,Cost,Standard,model_Lucarelli_CellSystems2018,1.0e-8,1.0e-8,0,0,Default,Rodas5P
0.061060103000000004,Cost,Standard,model_Lucarelli_CellSystems2018,1.0e-8,1.0e-8,0,0,Default,Rodas5P
0.059546962,Cost,Standard,model_Lucarelli_CellSystems2018,1.0e-8,1.0e-8,0,0,Default,Rodas5P
0.062128059000000006,Cost,Standard,model_Lucarelli_CellSystems2018,1.0e-8,1.0e-8,0,0,Default,Rodas5P
1499.728604929,Hessian,ForwardDiff,model_Lucarelli_CellSystems2018,1.0e-8,1.0e-8,0,0,Default,Rodas5P
1516.873842725,Hessian,ForwardDiff,model_Lucarelli_CellSystems2018,1.0e-8,1.0e-8,0,0,Default,Rodas5P
1496.109081793,Hessian,ForwardDiff,model_Lucarelli_CellSystems2018,1.0e-8,1.0e-8,0,0,Default,Rodas5P
0.04015685,Cost,Standard,model_Lucarelli_CellSystems2018,1.0e-8,1.0e-8,0,0,Default,KenCarp47
0.042848093000000004,Cost,Standard,model_Lucarelli_CellSystems2018,1.0e-8,1.0e-8,0,0,Default,KenCarp47
0.042395497000000004,Cost,Standard,model_Lucarelli_CellSystems2018,1.0e-8,1.0e-8,0,0,Default,KenCarp47
0.040446577000000004,Cost,Standard,model_Lucarelli_CellSystems2018,1.0e-8,1.0e-8,0,0,Default,KenCarp47
0.040389427000000006,Cost,Standard,model_Lucarelli_CellSystems2018,1.0e-8,1.0e-8,0,0,Default,KenCarp47
0.039285996000000004,Cost,Standard,model_Lucarelli_CellSystems2018,1.0e-8,1.0e-8,0,0,Default,KenCarp47
0.041189972000000005,Cost,Standard,model_Lucarelli_CellSystems2018,1.0e-8,1.0e-8,0,0,Default,KenCarp47
0.04183242,Cost,Standard,model_Lucarelli_CellSystems2018,1.0e-8,1.0e-8,0,0,Default,KenCarp47
0.038956033,Cost,Standard,model_Lucarelli_CellSystems2018,1.0e-8,1.0e-8,0,0,Default,KenCarp47
0.042541871,Cost,Standard,model_Lucarelli_CellSystems2018,1.0e-8,1.0e-8,0,0,Default,KenCarp47
695.1347781970001,Hessian,ForwardDiff,model_Lucarelli_CellSystems2018,1.0e-8,1.0e-8,0,0,Default,KenCarp47
692.597884182,Hessian,ForwardDiff,model_Lucarelli_CellSystems2018,1.0e-8,1.0e-8,0,0,Default,KenCarp47
700.873305522,Hessian,ForwardDiff,model_Lucarelli_CellSystems2018,1.0e-8,1.0e-8,0,0,Default,KenCarp47
0.020411890000000002,Cost,Standard,model_Lucarelli_CellSystems2018,1.0e-8,1.0e-8,0,0,Default,QNDF
0.020319526,Cost,Standard,model_Lucarelli_CellSystems2018,1.0e-8,1.0e-8,0,0,Default,QNDF
0.020043318,Cost,Standard,model_Lucarelli_CellSystems2018,1.0e-8,1.0e-8,0,0,Default,QNDF
0.018745007,Cost,Standard,model_Lucarelli_CellSystems2018,1.0e-8,1.0e-8,0,0,Default,QNDF
0.019609873,Cost,Standard,model_Lucarelli_CellSystems2018,1.0e-8,1.0e-8,0,0,Default,QNDF
0.019408766,Cost,Standard,model_Lucarelli_CellSystems2018,1.0e-8,1.0e-8,0,0,Default,QNDF
0.021721365000000003,Cost,Standard,model_Lucarelli_CellSystems2018,1.0e-8,1.0e-8,0,0,Default,QNDF
0.021282726000000002,Cost,Standard,model_Lucarelli_CellSystems2018,1.0e-8,1.0e-8,0,0,Default,QNDF
0.02074393,Cost,Standard,model_Lucarelli_CellSystems2018,1.0e-8,1.0e-8,0,0,Default,QNDF
0.020925942000000003,Cost,Standard,model_Lucarelli_CellSystems2018,1.0e-8,1.0e-8,0,0,Default,QNDF
329.643039111,Hessian,ForwardDiff,model_Lucarelli_CellSystems2018,1.0e-8,1.0e-8,0,0,Default,QNDF
335.53790025,Hessian,ForwardDiff,model_Lucarelli_CellSystems2018,1.0e-8,1.0e-8,0,0,Default,QNDF
329.89022911200004,Hessian,ForwardDiff,model_Lucarelli_CellSystems2018,1.0e-8,1.0e-8,0,0,Default,QNDF
0.068928746,Cost,Standard,model_Lucarelli_CellSystems2018,1.0e-8,1.0e-8,0,0,Default,Vern7(Rodas5P)
0.06467927600000001,Cost,Standard,model_Lucarelli_CellSystems2018,1.0e-8,1.0e-8,0,0,Default,Vern7(Rodas5P)
0.066089439,Cost,Standard,model_Lucarelli_CellSystems2018,1.0e-8,1.0e-8,0,0,Default,Vern7(Rodas5P)
0.063295822,Cost,Standard,model_Lucarelli_CellSystems2018,1.0e-8,1.0e-8,0,0,Default,Vern7(Rodas5P)
0.064334292,Cost,Standard,model_Lucarelli_CellSystems2018,1.0e-8,1.0e-8,0,0,Default,Vern7(Rodas5P)
0.066385909,Cost,Standard,model_Lucarelli_CellSystems2018,1.0e-8,1.0e-8,0,0,Default,Vern7(Rodas5P)
0.07229060600000001,Cost,Standard,model_Lucarelli_CellSystems2018,1.0e-8,1.0e-8,0,0,Default,Vern7(Rodas5P)
0.06749598700000001,Cost,Standard,model_Lucarelli_CellSystems2018,1.0e-8,1.0e-8,0,0,Default,Vern7(Rodas5P)
0.068374845,Cost,Standard,model_Lucarelli_CellSystems2018,1.0e-8,1.0e-8,0,0,Default,Vern7(Rodas5P)
0.06780164500000001,Cost,Standard,model_Lucarelli_CellSystems2018,1.0e-8,1.0e-8,0,0,Default,Vern7(Rodas5P)
1587.0947390150002,Hessian,ForwardDiff,model_Lucarelli_CellSystems2018,1.0e-8,1.0e-8,0,0,Default,Vern7(Rodas5P)
1595.0741547740001,Hessian,ForwardDiff,model_Lucarelli_CellSystems2018,1.0e-8,1.0e-8,0,0,Default,Vern7(Rodas5P)
1587.0089223870002,Hessian,ForwardDiff,model_Lucarelli_CellSystems2018,1.0e-8,1.0e-8,0,0,Default,Vern7(Rodas5P)
0.002530496,Cost,Standard,model_Sneyd_PNAS2002,1.0e-8,1.0e-8,0,0,Default,Rodas5P
0.002618168,Cost,Standard,model_Sneyd_PNAS2002,1.0e-8,1.0e-8,0,0,Default,Rodas5P
0.002540573,Cost,Standard,model_Sneyd_PNAS2002,1.0e-8,1.0e-8,0,0,Default,Rodas5P
0.002594159,Cost,Standard,model_Sneyd_PNAS2002,1.0e-8,1.0e-8,0,0,Default,Rodas5P
0.002514526,Cost,Standard,model_Sneyd_PNAS2002,1.0e-8,1.0e-8,0,0,Default,Rodas5P
0.002493007,Cost,Standard,model_Sneyd_PNAS2002,1.0e-8,1.0e-8,0,0,Default,Rodas5P
0.0025257070000000003,Cost,Standard,model_Sneyd_PNAS2002,1.0e-8,1.0e-8,0,0,Default,Rodas5P
0.0025365220000000003,Cost,Standard,model_Sneyd_PNAS2002,1.0e-8,1.0e-8,0,0,Default,Rodas5P
0.0026194430000000004,Cost,Standard,model_Sneyd_PNAS2002,1.0e-8,1.0e-8,0,0,Default,Rodas5P
0.002691377,Cost,Standard,model_Sneyd_PNAS2002,1.0e-8,1.0e-8,0,0,Default,Rodas5P
1.4450688440000001,Hessian,ForwardDiff,model_Sneyd_PNAS2002,1.0e-8,1.0e-8,0,0,Default,Rodas5P
1.47562027,Hessian,ForwardDiff,model_Sneyd_PNAS2002,1.0e-8,1.0e-8,0,0,Default,Rodas5P
1.4317493540000001,Hessian,ForwardDiff,model_Sneyd_PNAS2002,1.0e-8,1.0e-8,0,0,Default,Rodas5P
0.00298722,Cost,Standard,model_Sneyd_PNAS2002,1.0e-8,1.0e-8,0,0,Default,KenCarp47
0.0029757710000000003,Cost,Standard,model_Sneyd_PNAS2002,1.0e-8,1.0e-8,0,0,Default,KenCarp47
0.0029737,Cost,Standard,model_Sneyd_PNAS2002,1.0e-8,1.0e-8,0,0,Default,KenCarp47
0.002889183,Cost,Standard,model_Sneyd_PNAS2002,1.0e-8,1.0e-8,0,0,Default,KenCarp47
0.002989303,Cost,Standard,model_Sneyd_PNAS2002,1.0e-8,1.0e-8,0,0,Default,KenCarp47
0.003027353,Cost,Standard,model_Sneyd_PNAS2002,1.0e-8,1.0e-8,0,0,Default,KenCarp47
0.00302287,Cost,Standard,model_Sneyd_PNAS2002,1.0e-8,1.0e-8,0,0,Default,KenCarp47
0.002921681,Cost,Standard,model_Sneyd_PNAS2002,1.0e-8,1.0e-8,0,0,Default,KenCarp47
0.003073646,Cost,Standard,model_Sneyd_PNAS2002,1.0e-8,1.0e-8,0,0,Default,KenCarp47
0.003049057,Cost,Standard,model_Sneyd_PNAS2002,1.0e-8,1.0e-8,0,0,Default,KenCarp47
1.172193175,Hessian,ForwardDiff,model_Sneyd_PNAS2002,1.0e-8,1.0e-8,0,0,Default,KenCarp47
1.1896158000000001,Hessian,ForwardDiff,model_Sneyd_PNAS2002,1.0e-8,1.0e-8,0,0,Default,KenCarp47
1.182236345,Hessian,ForwardDiff,model_Sneyd_PNAS2002,1.0e-8,1.0e-8,0,0,Default,KenCarp47
0.004902979,Cost,Standard,model_Sneyd_PNAS2002,1.0e-8,1.0e-8,0,0,Default,QNDF
0.0034350440000000004,Cost,Standard,model_Sneyd_PNAS2002,1.0e-8,1.0e-8,0,0,Default,QNDF
0.003475535,Cost,Standard,model_Sneyd_PNAS2002,1.0e-8,1.0e-8,0,0,Default,QNDF
0.0034847690000000004,Cost,Standard,model_Sneyd_PNAS2002,1.0e-8,1.0e-8,0,0,Default,QNDF
0.0035255050000000004,Cost,Standard,model_Sneyd_PNAS2002,1.0e-8,1.0e-8,0,0,Default,QNDF
0.003552926,Cost,Standard,model_Sneyd_PNAS2002,1.0e-8,1.0e-8,0,0,Default,QNDF
0.003474955,Cost,Standard,model_Sneyd_PNAS2002,1.0e-8,1.0e-8,0,0,Default,QNDF
0.003344441,Cost,Standard,model_Sneyd_PNAS2002,1.0e-8,1.0e-8,0,0,Default,QNDF
0.003753489,Cost,Standard,model_Sneyd_PNAS2002,1.0e-8,1.0e-8,0,0,Default,QNDF
0.0034044490000000004,Cost,Standard,model_Sneyd_PNAS2002,1.0e-8,1.0e-8,0,0,Default,QNDF
0.928082634,Hessian,ForwardDiff,model_Sneyd_PNAS2002,1.0e-8,1.0e-8,0,0,Default,QNDF
0.948383297,Hessian,ForwardDiff,model_Sneyd_PNAS2002,1.0e-8,1.0e-8,0,0,Default,QNDF
0.9678529140000001,Hessian,ForwardDiff,model_Sneyd_PNAS2002,1.0e-8,1.0e-8,0,0,Default,QNDF
0.0031979710000000004,Cost,Standard,model_Sneyd_PNAS2002,1.0e-8,1.0e-8,0,0,Default,Vern7(Rodas5P)
0.0027281740000000003,Cost,Standard,model_Sneyd_PNAS2002,1.0e-8,1.0e-8,0,0,Default,Vern7(Rodas5P)
0.002720641,Cost,Standard,model_Sneyd_PNAS2002,1.0e-8,1.0e-8,0,0,Default,Vern7(Rodas5P)
0.002672405,Cost,Standard,model_Sneyd_PNAS2002,1.0e-8,1.0e-8,0,0,Default,Vern7(Rodas5P)
0.003081177,Cost,Standard,model_Sneyd_PNAS2002,1.0e-8,1.0e-8,0,0,Default,Vern7(Rodas5P)
0.002823571,Cost,Standard,model_Sneyd_PNAS2002,1.0e-8,1.0e-8,0,0,Default,Vern7(Rodas5P)
0.0025335680000000004,Cost,Standard,model_Sneyd_PNAS2002,1.0e-8,1.0e-8,0,0,Default,Vern7(Rodas5P)
0.0038023910000000005,Cost,Standard,model_Sneyd_PNAS2002,1.0e-8,1.0e-8,0,0,Default,Vern7(Rodas5P)
0.002759407,Cost,Standard,model_Sneyd_PNAS2002,1.0e-8,1.0e-8,0,0,Default,Vern7(Rodas5P)
0.002799628,Cost,Standard,model_Sneyd_PNAS2002,1.0e-8,1.0e-8,0,0,Default,Vern7(Rodas5P)
1.4420472850000001,Hessian,ForwardDiff,model_Sneyd_PNAS2002,1.0e-8,1.0e-8,0,0,Default,Vern7(Rodas5P)
1.435563659,Hessian,ForwardDiff,model_Sneyd_PNAS2002,1.0e-8,1.0e-8,0,0,Default,Vern7(Rodas5P)
1.4470867760000001,Hessian,ForwardDiff,model_Sneyd_PNAS2002,1.0e-8,1.0e-8,0,0,Default,Vern7(Rodas5P)
0.002841927,Cost,Standard,model_Weber_BMC2015,1.0e-8,1.0e-8,0,0,Default,Rodas5P
0.002814791,Cost,Standard,model_Weber_BMC2015,1.0e-8,1.0e-8,0,0,Default,Rodas5P
0.002876964,Cost,Standard,model_Weber_BMC2015,1.0e-8,1.0e-8,0,0,Default,Rodas5P
0.002813967,Cost,Standard,model_Weber_BMC2015,1.0e-8,1.0e-8,0,0,Default,Rodas5P
0.002853131,Cost,Standard,model_Weber_BMC2015,1.0e-8,1.0e-8,0,0,Default,Rodas5P
0.002930685,Cost,Standard,model_Weber_BMC2015,1.0e-8,1.0e-8,0,0,Default,Rodas5P
0.0029538620000000002,Cost,Standard,model_Weber_BMC2015,1.0e-8,1.0e-8,0,0,Default,Rodas5P
0.00276764,Cost,Standard,model_Weber_BMC2015,1.0e-8,1.0e-8,0,0,Default,Rodas5P
0.0028148210000000003,Cost,Standard,model_Weber_BMC2015,1.0e-8,1.0e-8,0,0,Default,Rodas5P
0.0029656400000000003,Cost,Standard,model_Weber_BMC2015,1.0e-8,1.0e-8,0,0,Default,Rodas5P
5.911141429000001,Hessian,ForwardDiff,model_Weber_BMC2015,1.0e-8,1.0e-8,0,0,Default,Rodas5P
5.780283385000001,Hessian,ForwardDiff,model_Weber_BMC2015,1.0e-8,1.0e-8,0,0,Default,Rodas5P
5.893612172,Hessian,ForwardDiff,model_Weber_BMC2015,1.0e-8,1.0e-8,0,0,Default,Rodas5P
0.002538119,Cost,Standard,model_Weber_BMC2015,1.0e-8,1.0e-8,0,0,Default,KenCarp47
0.003172453,Cost,Standard,model_Weber_BMC2015,1.0e-8,1.0e-8,0,0,Default,KenCarp47
0.002275047,Cost,Standard,model_Weber_BMC2015,1.0e-8,1.0e-8,0,0,Default,KenCarp47
0.002168031,Cost,Standard,model_Weber_BMC2015,1.0e-8,1.0e-8,0,0,Default,KenCarp47
0.00199603,Cost,Standard,model_Weber_BMC2015,1.0e-8,1.0e-8,0,0,Default,KenCarp47
0.0020212850000000003,Cost,Standard,model_Weber_BMC2015,1.0e-8,1.0e-8,0,0,Default,KenCarp47
0.002164914,Cost,Standard,model_Weber_BMC2015,1.0e-8,1.0e-8,0,0,Default,KenCarp47
0.001849691,Cost,Standard,model_Weber_BMC2015,1.0e-8,1.0e-8,0,0,Default,KenCarp47
0.001931732,Cost,Standard,model_Weber_BMC2015,1.0e-8,1.0e-8,0,0,Default,KenCarp47
0.001982179,Cost,Standard,model_Weber_BMC2015,1.0e-8,1.0e-8,0,0,Default,KenCarp47
3.1516183370000004,Hessian,ForwardDiff,model_Weber_BMC2015,1.0e-8,1.0e-8,0,0,Default,KenCarp47
3.1254085870000003,Hessian,ForwardDiff,model_Weber_BMC2015,1.0e-8,1.0e-8,0,0,Default,KenCarp47
3.1328850960000003,Hessian,ForwardDiff,model_Weber_BMC2015,1.0e-8,1.0e-8,0,0,Default,KenCarp47
0.0018078270000000001,Cost,Standard,model_Weber_BMC2015,1.0e-8,1.0e-8,0,0,Default,QNDF
0.002053206,Cost,Standard,model_Weber_BMC2015,1.0e-8,1.0e-8,0,0,Default,QNDF
0.001944179,Cost,Standard,model_Weber_BMC2015,1.0e-8,1.0e-8,0,0,Default,QNDF
0.001731976,Cost,Standard,model_Weber_BMC2015,1.0e-8,1.0e-8,0,0,Default,QNDF
0.00186599,Cost,Standard,model_Weber_BMC2015,1.0e-8,1.0e-8,0,0,Default,QNDF
0.0029920050000000003,Cost,Standard,model_Weber_BMC2015,1.0e-8,1.0e-8,0,0,Default,QNDF
0.0017704020000000001,Cost,Standard,model_Weber_BMC2015,1.0e-8,1.0e-8,0,0,Default,QNDF
0.001712687,Cost,Standard,model_Weber_BMC2015,1.0e-8,1.0e-8,0,0,Default,QNDF
0.0018418170000000002,Cost,Standard,model_Weber_BMC2015,1.0e-8,1.0e-8,0,0,Default,QNDF
0.001695831,Cost,Standard,model_Weber_BMC2015,1.0e-8,1.0e-8,0,0,Default,QNDF
1.968864917,Hessian,ForwardDiff,model_Weber_BMC2015,1.0e-8,1.0e-8,0,0,Default,QNDF
1.9832368850000002,Hessian,ForwardDiff,model_Weber_BMC2015,1.0e-8,1.0e-8,0,0,Default,QNDF
2.0167958830000003,Hessian,ForwardDiff,model_Weber_BMC2015,1.0e-8,1.0e-8,0,0,Default,QNDF
0.001465516,Cost,Standard,model_Weber_BMC2015,1.0e-8,1.0e-8,0,0,Default,Vern7(Rodas5P)
0.00161515,Cost,Standard,model_Weber_BMC2015,1.0e-8,1.0e-8,0,0,Default,Vern7(Rodas5P)
0.0013880180000000002,Cost,Standard,model_Weber_BMC2015,1.0e-8,1.0e-8,0,0,Default,Vern7(Rodas5P)
0.001217224,Cost,Standard,model_Weber_BMC2015,1.0e-8,1.0e-8,0,0,Default,Vern7(Rodas5P)
0.001442872,Cost,Standard,model_Weber_BMC2015,1.0e-8,1.0e-8,0,0,Default,Vern7(Rodas5P)
0.0012580900000000001,Cost,Standard,model_Weber_BMC2015,1.0e-8,1.0e-8,0,0,Default,Vern7(Rodas5P)
0.0012898,Cost,Standard,model_Weber_BMC2015,1.0e-8,1.0e-8,0,0,Default,Vern7(Rodas5P)
0.001345906,Cost,Standard,model_Weber_BMC2015,1.0e-8,1.0e-8,0,0,Default,Vern7(Rodas5P)
0.001333945,Cost,Standard,model_Weber_BMC2015,1.0e-8,1.0e-8,0,0,Default,Vern7(Rodas5P)
0.001408671,Cost,Standard,model_Weber_BMC2015,1.0e-8,1.0e-8,0,0,Default,Vern7(Rodas5P)
3.6553996800000004,Hessian,ForwardDiff,model_Weber_BMC2015,1.0e-8,1.0e-8,0,0,Default,Vern7(Rodas5P)
3.699303339,Hessian,ForwardDiff,model_Weber_BMC2015,1.0e-8,1.0e-8,0,0,Default,Vern7(Rodas5P)
3.667774767,Hessian,ForwardDiff,model_Weber_BMC2015,1.0e-8,1.0e-8,0,0,Default,Vern7(Rodas5P)
0.00322644,Cost,Standard,model_Brannmark_JBC2010,1.0e-8,1.0e-8,0,0,Default,Rodas5P
0.0031332540000000002,Cost,Standard,model_Brannmark_JBC2010,1.0e-8,1.0e-8,0,0,Default,Rodas5P
0.0031790720000000002,Cost,Standard,model_Brannmark_JBC2010,1.0e-8,1.0e-8,0,0,Default,Rodas5P
0.003371756,Cost,Standard,model_Brannmark_JBC2010,1.0e-8,1.0e-8,0,0,Default,Rodas5P
0.003236098,Cost,Standard,model_Brannmark_JBC2010,1.0e-8,1.0e-8,0,0,Default,Rodas5P
0.0034240280000000004,Cost,Standard,model_Brannmark_JBC2010,1.0e-8,1.0e-8,0,0,Default,Rodas5P
0.00321456,Cost,Standard,model_Brannmark_JBC2010,1.0e-8,1.0e-8,0,0,Default,Rodas5P
0.003220264,Cost,Standard,model_Brannmark_JBC2010,1.0e-8,1.0e-8,0,0,Default,Rodas5P
0.0032897,Cost,Standard,model_Brannmark_JBC2010,1.0e-8,1.0e-8,0,0,Default,Rodas5P
0.003252226,Cost,Standard,model_Brannmark_JBC2010,1.0e-8,1.0e-8,0,0,Default,Rodas5P
1.9117953200000002,Hessian,ForwardDiff,model_Brannmark_JBC2010,1.0e-8,1.0e-8,0,0,Default,Rodas5P
1.8752951000000002,Hessian,ForwardDiff,model_Brannmark_JBC2010,1.0e-8,1.0e-8,0,0,Default,Rodas5P
1.861037891,Hessian,ForwardDiff,model_Brannmark_JBC2010,1.0e-8,1.0e-8,0,0,Default,Rodas5P
0.0037067230000000003,Cost,Standard,model_Brannmark_JBC2010,1.0e-8,1.0e-8,0,0,Default,KenCarp47
0.0036443100000000004,Cost,Standard,model_Brannmark_JBC2010,1.0e-8,1.0e-8,0,0,Default,KenCarp47
0.003835063,Cost,Standard,model_Brannmark_JBC2010,1.0e-8,1.0e-8,0,0,Default,KenCarp47
0.003758785,Cost,Standard,model_Brannmark_JBC2010,1.0e-8,1.0e-8,0,0,Default,KenCarp47
0.003752913,Cost,Standard,model_Brannmark_JBC2010,1.0e-8,1.0e-8,0,0,Default,KenCarp47
0.0038196420000000003,Cost,Standard,model_Brannmark_JBC2010,1.0e-8,1.0e-8,0,0,Default,KenCarp47
0.003932728,Cost,Standard,model_Brannmark_JBC2010,1.0e-8,1.0e-8,0,0,Default,KenCarp47
0.0039661850000000005,Cost,Standard,model_Brannmark_JBC2010,1.0e-8,1.0e-8,0,0,Default,KenCarp47
0.003821375,Cost,Standard,model_Brannmark_JBC2010,1.0e-8,1.0e-8,0,0,Default,KenCarp47
0.0037242200000000003,Cost,Standard,model_Brannmark_JBC2010,1.0e-8,1.0e-8,0,0,Default,KenCarp47
1.6434287870000002,Hessian,ForwardDiff,model_Brannmark_JBC2010,1.0e-8,1.0e-8,0,0,Default,KenCarp47
1.646361905,Hessian,ForwardDiff,model_Brannmark_JBC2010,1.0e-8,1.0e-8,0,0,Default,KenCarp47
1.622628999,Hessian,ForwardDiff,model_Brannmark_JBC2010,1.0e-8,1.0e-8,0,0,Default,KenCarp47
0.0035199280000000003,Cost,Standard,model_Brannmark_JBC2010,1.0e-8,1.0e-8,0,0,Default,QNDF
0.003148187,Cost,Standard,model_Brannmark_JBC2010,1.0e-8,1.0e-8,0,0,Default,QNDF
0.003311402,Cost,Standard,model_Brannmark_JBC2010,1.0e-8,1.0e-8,0,0,Default,QNDF
0.003435057,Cost,Standard,model_Brannmark_JBC2010,1.0e-8,1.0e-8,0,0,Default,QNDF
0.003256178,Cost,Standard,model_Brannmark_JBC2010,1.0e-8,1.0e-8,0,0,Default,QNDF
0.003269885,Cost,Standard,model_Brannmark_JBC2010,1.0e-8,1.0e-8,0,0,Default,QNDF
0.00364744,Cost,Standard,model_Brannmark_JBC2010,1.0e-8,1.0e-8,0,0,Default,QNDF
0.0033290100000000003,Cost,Standard,model_Brannmark_JBC2010,1.0e-8,1.0e-8,0,0,Default,QNDF
0.0033235200000000004,Cost,Standard,model_Brannmark_JBC2010,1.0e-8,1.0e-8,0,0,Default,QNDF
0.0034908450000000002,Cost,Standard,model_Brannmark_JBC2010,1.0e-8,1.0e-8,0,0,Default,QNDF
1.069075291,Hessian,ForwardDiff,model_Brannmark_JBC2010,1.0e-8,1.0e-8,0,0,Default,QNDF
1.10076906,Hessian,ForwardDiff,model_Brannmark_JBC2010,1.0e-8,1.0e-8,0,0,Default,QNDF
1.082394013,Hessian,ForwardDiff,model_Brannmark_JBC2010,1.0e-8,1.0e-8,0,0,Default,QNDF
Inf,Cost,Standard,model_Brannmark_JBC2010,1.0e-8,1.0e-8,0,0,Default,Vern7(Rodas5P)
Inf,Cost,Standard,model_Brannmark_JBC2010,1.0e-8,1.0e-8,0,0,Default,Vern7(Rodas5P)
Inf,Cost,Standard,model_Brannmark_JBC2010,1.0e-8,1.0e-8,0,0,Default,Vern7(Rodas5P)
Inf,Cost,Standard,model_Brannmark_JBC2010,1.0e-8,1.0e-8,0,0,Default,Vern7(Rodas5P)
Inf,Cost,Standard,model_Brannmark_JBC2010,1.0e-8,1.0e-8,0,0,Default,Vern7(Rodas5P)
Inf,Cost,Standard,model_Brannmark_JBC2010,1.0e-8,1.0e-8,0,0,Default,Vern7(Rodas5P)
Inf,Cost,Standard,model_Brannmark_JBC2010,1.0e-8,1.0e-8,0,0,Default,Vern7(Rodas5P)
Inf,Cost,Standard,model_Brannmark_JBC2010,1.0e-8,1.0e-8,0,0,Default,Vern7(Rodas5P)
Inf,Cost,Standard,model_Brannmark_JBC2010,1.0e-8,1.0e-8,0,0,Default,Vern7(Rodas5P)
Inf,Cost,Standard,model_Brannmark_JBC2010,1.0e-8,1.0e-8,0,0,Default,Vern7(Rodas5P)
Inf,Hessian,ForwardDiff,model_Brannmark_JBC2010,1.0e-8,1.0e-8,0,0,Default,Vern7(Rodas5P)
Inf,Hessian,ForwardDiff,model_Brannmark_JBC2010,1.0e-8,1.0e-8,0,0,Default,Vern7(Rodas5P)
Inf,Hessian,ForwardDiff,model_Brannmark_JBC2010,1.0e-8,1.0e-8,0,0,Default,Vern7(Rodas5P)
0.12558433800000002,Cost,Standard,model_Isensee_JCB2018,1.0e-8,1.0e-8,0,0,Default,Rodas5P
0.13226479700000002,Cost,Standard,model_Isensee_JCB2018,1.0e-8,1.0e-8,0,0,Default,Rodas5P
0.13728421600000001,Cost,Standard,model_Isensee_JCB2018,1.0e-8,1.0e-8,0,0,Default,Rodas5P
0.154351218,Cost,Standard,model_Isensee_JCB2018,1.0e-8,1.0e-8,0,0,Default,Rodas5P
0.1481305,Cost,Standard,model_Isensee_JCB2018,1.0e-8,1.0e-8,0,0,Default,Rodas5P
0.13598872,Cost,Standard,model_Isensee_JCB2018,1.0e-8,1.0e-8,0,0,Default,Rodas5P
0.13662638900000001,Cost,Standard,model_Isensee_JCB2018,1.0e-8,1.0e-8,0,0,Default,Rodas5P
0.138567921,Cost,Standard,model_Isensee_JCB2018,1.0e-8,1.0e-8,0,0,Default,Rodas5P
0.142421286,Cost,Standard,model_Isensee_JCB2018,1.0e-8,1.0e-8,0,0,Default,Rodas5P
0.137243425,Cost,Standard,model_Isensee_JCB2018,1.0e-8,1.0e-8,0,0,Default,Rodas5P
Inf,Hessian,ForwardDiff,model_Isensee_JCB2018,1.0e-8,1.0e-8,0,0,Default,Rodas5P
Inf,Hessian,ForwardDiff,model_Isensee_JCB2018,1.0e-8,1.0e-8,0,0,Default,Rodas5P
Inf,Hessian,ForwardDiff,model_Isensee_JCB2018,1.0e-8,1.0e-8,0,0,Default,Rodas5P
0.131071723,Cost,Standard,model_Isensee_JCB2018,1.0e-8,1.0e-8,0,0,Default,KenCarp47
0.12992895200000001,Cost,Standard,model_Isensee_JCB2018,1.0e-8,1.0e-8,0,0,Default,KenCarp47
0.134845013,Cost,Standard,model_Isensee_JCB2018,1.0e-8,1.0e-8,0,0,Default,KenCarp47
0.144385423,Cost,Standard,model_Isensee_JCB2018,1.0e-8,1.0e-8,0,0,Default,KenCarp47
0.14305647000000002,Cost,Standard,model_Isensee_JCB2018,1.0e-8,1.0e-8,0,0,Default,KenCarp47
0.140309699,Cost,Standard,model_Isensee_JCB2018,1.0e-8,1.0e-8,0,0,Default,KenCarp47
0.139656381,Cost,Standard,model_Isensee_JCB2018,1.0e-8,1.0e-8,0,0,Default,KenCarp47
0.13895869200000002,Cost,Standard,model_Isensee_JCB2018,1.0e-8,1.0e-8,0,0,Default,KenCarp47
0.133147538,Cost,Standard,model_Isensee_JCB2018,1.0e-8,1.0e-8,0,0,Default,KenCarp47
0.14126739200000002,Cost,Standard,model_Isensee_JCB2018,1.0e-8,1.0e-8,0,0,Default,KenCarp47
0.0009438700000000001,Cost,Standard,model_Zheng_PNAS2012,1.0e-8,1.0e-8,0,0,Default,Rodas5P
0.000860934,Cost,Standard,model_Zheng_PNAS2012,1.0e-8,1.0e-8,0,0,Default,Rodas5P
0.0008361060000000001,Cost,Standard,model_Zheng_PNAS2012,1.0e-8,1.0e-8,0,0,Default,Rodas5P
0.0008414000000000001,Cost,Standard,model_Zheng_PNAS2012,1.0e-8,1.0e-8,0,0,Default,Rodas5P
0.0008919030000000001,Cost,Standard,model_Zheng_PNAS2012,1.0e-8,1.0e-8,0,0,Default,Rodas5P
0.000911219,Cost,Standard,model_Zheng_PNAS2012,1.0e-8,1.0e-8,0,0,Default,Rodas5P
0.0007959070000000001,Cost,Standard,model_Zheng_PNAS2012,1.0e-8,1.0e-8,0,0,Default,Rodas5P
0.000775374,Cost,Standard,model_Zheng_PNAS2012,1.0e-8,1.0e-8,0,0,Default,Rodas5P
0.0008586370000000001,Cost,Standard,model_Zheng_PNAS2012,1.0e-8,1.0e-8,0,0,Default,Rodas5P
0.00087376,Cost,Standard,model_Zheng_PNAS2012,1.0e-8,1.0e-8,0,0,Default,Rodas5P
5.903374035000001,Hessian,ForwardDiff,model_Zheng_PNAS2012,1.0e-8,1.0e-8,0,0,Default,Rodas5P
5.9723597690000005,Hessian,ForwardDiff,model_Zheng_PNAS2012,1.0e-8,1.0e-8,0,0,Default,Rodas5P
5.713414800000001,Hessian,ForwardDiff,model_Zheng_PNAS2012,1.0e-8,1.0e-8,0,0,Default,Rodas5P
0.0009450070000000001,Cost,Standard,model_Zheng_PNAS2012,1.0e-8,1.0e-8,0,0,Default,KenCarp47
0.000914311,Cost,Standard,model_Zheng_PNAS2012,1.0e-8,1.0e-8,0,0,Default,KenCarp47
0.0009449650000000001,Cost,Standard,model_Zheng_PNAS2012,1.0e-8,1.0e-8,0,0,Default,KenCarp47
0.001003156,Cost,Standard,model_Zheng_PNAS2012,1.0e-8,1.0e-8,0,0,Default,KenCarp47
0.0009476350000000001,Cost,Standard,model_Zheng_PNAS2012,1.0e-8,1.0e-8,0,0,Default,KenCarp47
0.000888365,Cost,Standard,model_Zheng_PNAS2012,1.0e-8,1.0e-8,0,0,Default,KenCarp47
0.001004095,Cost,Standard,model_Zheng_PNAS2012,1.0e-8,1.0e-8,0,0,Default,KenCarp47
0.000915461,Cost,Standard,model_Zheng_PNAS2012,1.0e-8,1.0e-8,0,0,Default,KenCarp47
0.0008815260000000001,Cost,Standard,model_Zheng_PNAS2012,1.0e-8,1.0e-8,0,0,Default,KenCarp47
0.0009014720000000001,Cost,Standard,model_Zheng_PNAS2012,1.0e-8,1.0e-8,0,0,Default,KenCarp47
5.725134688000001,Hessian,ForwardDiff,model_Zheng_PNAS2012,1.0e-8,1.0e-8,0,0,Default,KenCarp47
5.617109630000001,Hessian,ForwardDiff,model_Zheng_PNAS2012,1.0e-8,1.0e-8,0,0,Default,KenCarp47
5.7659976980000005,Hessian,ForwardDiff,model_Zheng_PNAS2012,1.0e-8,1.0e-8,0,0,Default,KenCarp47
0.002648774,Cost,Standard,model_Zheng_PNAS2012,1.0e-8,1.0e-8,0,0,Default,QNDF
0.000892994,Cost,Standard,model_Zheng_PNAS2012,1.0e-8,1.0e-8,0,0,Default,QNDF
0.000963139,Cost,Standard,model_Zheng_PNAS2012,1.0e-8,1.0e-8,0,0,Default,QNDF
0.0009712150000000001,Cost,Standard,model_Zheng_PNAS2012,1.0e-8,1.0e-8,0,0,Default,QNDF
0.0008569920000000001,Cost,Standard,model_Zheng_PNAS2012,1.0e-8,1.0e-8,0,0,Default,QNDF
0.000809846,Cost,Standard,model_Zheng_PNAS2012,1.0e-8,1.0e-8,0,0,Default,QNDF
0.0008112550000000001,Cost,Standard,model_Zheng_PNAS2012,1.0e-8,1.0e-8,0,0,Default,QNDF
0.000913053,Cost,Standard,model_Zheng_PNAS2012,1.0e-8,1.0e-8,0,0,Default,QNDF
0.00089136,Cost,Standard,model_Zheng_PNAS2012,1.0e-8,1.0e-8,0,0,Default,QNDF
0.000787219,Cost,Standard,model_Zheng_PNAS2012,1.0e-8,1.0e-8,0,0,Default,QNDF
3.6052416220000003,Hessian,ForwardDiff,model_Zheng_PNAS2012,1.0e-8,1.0e-8,0,0,Default,QNDF
3.6537102790000002,Hessian,ForwardDiff,model_Zheng_PNAS2012,1.0e-8,1.0e-8,0,0,Default,QNDF
3.629328049,Hessian,ForwardDiff,model_Zheng_PNAS2012,1.0e-8,1.0e-8,0,0,Default,QNDF
0.000924268,Cost,Standard,model_Zheng_PNAS2012,1.0e-8,1.0e-8,0,0,Default,Vern7(Rodas5P)
0.001060643,Cost,Standard,model_Zheng_PNAS2012,1.0e-8,1.0e-8,0,0,Default,Vern7(Rodas5P)
0.000987071,Cost,Standard,model_Zheng_PNAS2012,1.0e-8,1.0e-8,0,0,Default,Vern7(Rodas5P)
0.0009228320000000001,Cost,Standard,model_Zheng_PNAS2012,1.0e-8,1.0e-8,0,0,Default,Vern7(Rodas5P)
0.000956701,Cost,Standard,model_Zheng_PNAS2012,1.0e-8,1.0e-8,0,0,Default,Vern7(Rodas5P)
0.0009558800000000001,Cost,Standard,model_Zheng_PNAS2012,1.0e-8,1.0e-8,0,0,Default,Vern7(Rodas5P)
0.000979705,Cost,Standard,model_Zheng_PNAS2012,1.0e-8,1.0e-8,0,0,Default,Vern7(Rodas5P)
0.000907221,Cost,Standard,model_Zheng_PNAS2012,1.0e-8,1.0e-8,0,0,Default,Vern7(Rodas5P)
0.001062744,Cost,Standard,model_Zheng_PNAS2012,1.0e-8,1.0e-8,0,0,Default,Vern7(Rodas5P)
0.000868258,Cost,Standard,model_Zheng_PNAS2012,1.0e-8,1.0e-8,0,0,Default,Vern7(Rodas5P)
6.04486344,Hessian,ForwardDiff,model_Zheng_PNAS2012,1.0e-8,1.0e-8,0,0,Default,Vern7(Rodas5P)
6.056976853,Hessian,ForwardDiff,model_Zheng_PNAS2012,1.0e-8,1.0e-8,0,0,Default,Vern7(Rodas5P)
6.004904880000001,Hessian,ForwardDiff,model_Zheng_PNAS2012,1.0e-8,1.0e-8,0,0,Default,Vern7(Rodas5P)
0.012901302000000002,Cost,Standard,model_Borghans_BiophysChem1997,1.0e-8,1.0e-8,0,0,Default,Rodas5P
0.013076528,Cost,Standard,model_Borghans_BiophysChem1997,1.0e-8,1.0e-8,0,0,Default,Rodas5P
0.013046735,Cost,Standard,model_Borghans_BiophysChem1997,1.0e-8,1.0e-8,0,0,Default,Rodas5P
0.013194966,Cost,Standard,model_Borghans_BiophysChem1997,1.0e-8,1.0e-8,0,0,Default,Rodas5P
0.012812403,Cost,Standard,model_Borghans_BiophysChem1997,1.0e-8,1.0e-8,0,0,Default,Rodas5P
0.012983765000000001,Cost,Standard,model_Borghans_BiophysChem1997,1.0e-8,1.0e-8,0,0,Default,Rodas5P
0.012868288,Cost,Standard,model_Borghans_BiophysChem1997,1.0e-8,1.0e-8,0,0,Default,Rodas5P
0.012935569000000001,Cost,Standard,model_Borghans_BiophysChem1997,1.0e-8,1.0e-8,0,0,Default,Rodas5P
0.013246039000000001,Cost,Standard,model_Borghans_BiophysChem1997,1.0e-8,1.0e-8,0,0,Default,Rodas5P
0.012829468,Cost,Standard,model_Borghans_BiophysChem1997,1.0e-8,1.0e-8,0,0,Default,Rodas5P
5.431877903,Hessian,ForwardDiff,model_Borghans_BiophysChem1997,1.0e-8,1.0e-8,0,0,Default,Rodas5P
5.423007526,Hessian,ForwardDiff,model_Borghans_BiophysChem1997,1.0e-8,1.0e-8,0,0,Default,Rodas5P
5.424608074,Hessian,ForwardDiff,model_Borghans_BiophysChem1997,1.0e-8,1.0e-8,0,0,Default,Rodas5P
0.010100833,Cost,Standard,model_Borghans_BiophysChem1997,1.0e-8,1.0e-8,0,0,Default,KenCarp47
0.008001587000000001,Cost,Standard,model_Borghans_BiophysChem1997,1.0e-8,1.0e-8,0,0,Default,KenCarp47
0.008363205,Cost,Standard,model_Borghans_BiophysChem1997,1.0e-8,1.0e-8,0,0,Default,KenCarp47
0.009323201000000001,Cost,Standard,model_Borghans_BiophysChem1997,1.0e-8,1.0e-8,0,0,Default,KenCarp47
0.007921177,Cost,Standard,model_Borghans_BiophysChem1997,1.0e-8,1.0e-8,0,0,Default,KenCarp47
0.0079269,Cost,Standard,model_Borghans_BiophysChem1997,1.0e-8,1.0e-8,0,0,Default,KenCarp47
0.007894654000000001,Cost,Standard,model_Borghans_BiophysChem1997,1.0e-8,1.0e-8,0,0,Default,KenCarp47
0.007991268000000001,Cost,Standard,model_Borghans_BiophysChem1997,1.0e-8,1.0e-8,0,0,Default,KenCarp47
0.007989583,Cost,Standard,model_Borghans_BiophysChem1997,1.0e-8,1.0e-8,0,0,Default,KenCarp47
0.007920338,Cost,Standard,model_Borghans_BiophysChem1997,1.0e-8,1.0e-8,0,0,Default,KenCarp47
2.478390505,Hessian,ForwardDiff,model_Borghans_BiophysChem1997,1.0e-8,1.0e-8,0,0,Default,KenCarp47
2.4797434590000003,Hessian,ForwardDiff,model_Borghans_BiophysChem1997,1.0e-8,1.0e-8,0,0,Default,KenCarp47
2.477973421,Hessian,ForwardDiff,model_Borghans_BiophysChem1997,1.0e-8,1.0e-8,0,0,Default,KenCarp47
0.006974,Cost,Standard,model_Borghans_BiophysChem1997,1.0e-8,1.0e-8,0,0,Default,QNDF
0.00684032,Cost,Standard,model_Borghans_BiophysChem1997,1.0e-8,1.0e-8,0,0,Default,QNDF
0.006812945000000001,Cost,Standard,model_Borghans_BiophysChem1997,1.0e-8,1.0e-8,0,0,Default,QNDF
0.007955184,Cost,Standard,model_Borghans_BiophysChem1997,1.0e-8,1.0e-8,0,0,Default,QNDF
0.006789698,Cost,Standard,model_Borghans_BiophysChem1997,1.0e-8,1.0e-8,0,0,Default,QNDF
0.0067460950000000006,Cost,Standard,model_Borghans_BiophysChem1997,1.0e-8,1.0e-8,0,0,Default,QNDF
0.006749978,Cost,Standard,model_Borghans_BiophysChem1997,1.0e-8,1.0e-8,0,0,Default,QNDF
0.006757371000000001,Cost,Standard,model_Borghans_BiophysChem1997,1.0e-8,1.0e-8,0,0,Default,QNDF
0.006745104,Cost,Standard,model_Borghans_BiophysChem1997,1.0e-8,1.0e-8,0,0,Default,QNDF
0.006793818,Cost,Standard,model_Borghans_BiophysChem1997,1.0e-8,1.0e-8,0,0,Default,QNDF
1.916629525,Hessian,ForwardDiff,model_Borghans_BiophysChem1997,1.0e-8,1.0e-8,0,0,Default,QNDF
1.9129279760000002,Hessian,ForwardDiff,model_Borghans_BiophysChem1997,1.0e-8,1.0e-8,0,0,Default,QNDF
1.9200218820000001,Hessian,ForwardDiff,model_Borghans_BiophysChem1997,1.0e-8,1.0e-8,0,0,Default,QNDF
0.004207179,Cost,Standard,model_Borghans_BiophysChem1997,1.0e-8,1.0e-8,0,0,Default,Vern7(Rodas5P)
0.003074105,Cost,Standard,model_Borghans_BiophysChem1997,1.0e-8,1.0e-8,0,0,Default,Vern7(Rodas5P)
0.003264775,Cost,Standard,model_Borghans_BiophysChem1997,1.0e-8,1.0e-8,0,0,Default,Vern7(Rodas5P)
0.003046407,Cost,Standard,model_Borghans_BiophysChem1997,1.0e-8,1.0e-8,0,0,Default,Vern7(Rodas5P)
0.003010973,Cost,Standard,model_Borghans_BiophysChem1997,1.0e-8,1.0e-8,0,0,Default,Vern7(Rodas5P)
0.0030536900000000004,Cost,Standard,model_Borghans_BiophysChem1997,1.0e-8,1.0e-8,0,0,Default,Vern7(Rodas5P)
0.0030145830000000004,Cost,Standard,model_Borghans_BiophysChem1997,1.0e-8,1.0e-8,0,0,Default,Vern7(Rodas5P)
0.003018198,Cost,Standard,model_Borghans_BiophysChem1997,1.0e-8,1.0e-8,0,0,Default,Vern7(Rodas5P)
0.0030040310000000003,Cost,Standard,model_Borghans_BiophysChem1997,1.0e-8,1.0e-8,0,0,Default,Vern7(Rodas5P)
0.003006257,Cost,Standard,model_Borghans_BiophysChem1997,1.0e-8,1.0e-8,0,0,Default,Vern7(Rodas5P)
1.045073929,Hessian,ForwardDiff,model_Borghans_BiophysChem1997,1.0e-8,1.0e-8,0,0,Default,Vern7(Rodas5P)
1.047086176,Hessian,ForwardDiff,model_Borghans_BiophysChem1997,1.0e-8,1.0e-8,0,0,Default,Vern7(Rodas5P)
1.044101747,Hessian,ForwardDiff,model_Borghans_BiophysChem1997,1.0e-8,1.0e-8,0,0,Default,Vern7(Rodas5P)
0.000188975,Cost,Standard,model_Okuonghae_ChaosSolitonsFractals2020,1.0e-8,1.0e-8,0,0,Default,Rodas5P
0.00016553300000000002,Cost,Standard,model_Okuonghae_ChaosSolitonsFractals2020,1.0e-8,1.0e-8,0,0,Default,Rodas5P
0.00019165000000000002,Cost,Standard,model_Okuonghae_ChaosSolitonsFractals2020,1.0e-8,1.0e-8,0,0,Default,Rodas5P
0.00021269000000000003,Cost,Standard,model_Okuonghae_ChaosSolitonsFractals2020,1.0e-8,1.0e-8,0,0,Default,Rodas5P
0.000193641,Cost,Standard,model_Okuonghae_ChaosSolitonsFractals2020,1.0e-8,1.0e-8,0,0,Default,Rodas5P
0.00015825500000000002,Cost,Standard,model_Okuonghae_ChaosSolitonsFractals2020,1.0e-8,1.0e-8,0,0,Default,Rodas5P
0.000162301,Cost,Standard,model_Okuonghae_ChaosSolitonsFractals2020,1.0e-8,1.0e-8,0,0,Default,Rodas5P
0.00016146000000000002,Cost,Standard,model_Okuonghae_ChaosSolitonsFractals2020,1.0e-8,1.0e-8,0,0,Default,Rodas5P
0.000162888,Cost,Standard,model_Okuonghae_ChaosSolitonsFractals2020,1.0e-8,1.0e-8,0,0,Default,Rodas5P
0.000161303,Cost,Standard,model_Okuonghae_ChaosSolitonsFractals2020,1.0e-8,1.0e-8,0,0,Default,Rodas5P
0.038760608,Hessian,ForwardDiff,model_Okuonghae_ChaosSolitonsFractals2020,1.0e-8,1.0e-8,0,0,Default,Rodas5P
0.039377054,Hessian,ForwardDiff,model_Okuonghae_ChaosSolitonsFractals2020,1.0e-8,1.0e-8,0,0,Default,Rodas5P
0.038878884,Hessian,ForwardDiff,model_Okuonghae_ChaosSolitonsFractals2020,1.0e-8,1.0e-8,0,0,Default,Rodas5P
0.000560295,Cost,Standard,model_Okuonghae_ChaosSolitonsFractals2020,1.0e-8,1.0e-8,0,0,Default,KenCarp47
0.001364145,Cost,Standard,model_Okuonghae_ChaosSolitonsFractals2020,1.0e-8,1.0e-8,0,0,Default,KenCarp47
0.000419975,Cost,Standard,model_Okuonghae_ChaosSolitonsFractals2020,1.0e-8,1.0e-8,0,0,Default,KenCarp47
0.00039783500000000003,Cost,Standard,model_Okuonghae_ChaosSolitonsFractals2020,1.0e-8,1.0e-8,0,0,Default,KenCarp47
0.00039859600000000003,Cost,Standard,model_Okuonghae_ChaosSolitonsFractals2020,1.0e-8,1.0e-8,0,0,Default,KenCarp47
0.000406124,Cost,Standard,model_Okuonghae_ChaosSolitonsFractals2020,1.0e-8,1.0e-8,0,0,Default,KenCarp47
0.00040367900000000005,Cost,Standard,model_Okuonghae_ChaosSolitonsFractals2020,1.0e-8,1.0e-8,0,0,Default,KenCarp47
0.00040417700000000003,Cost,Standard,model_Okuonghae_ChaosSolitonsFractals2020,1.0e-8,1.0e-8,0,0,Default,KenCarp47
0.000413726,Cost,Standard,model_Okuonghae_ChaosSolitonsFractals2020,1.0e-8,1.0e-8,0,0,Default,KenCarp47
0.000393437,Cost,Standard,model_Okuonghae_ChaosSolitonsFractals2020,1.0e-8,1.0e-8,0,0,Default,KenCarp47
0.07944719,Hessian,ForwardDiff,model_Okuonghae_ChaosSolitonsFractals2020,1.0e-8,1.0e-8,0,0,Default,KenCarp47
0.079653232,Hessian,ForwardDiff,model_Okuonghae_ChaosSolitonsFractals2020,1.0e-8,1.0e-8,0,0,Default,KenCarp47
0.080668339,Hessian,ForwardDiff,model_Okuonghae_ChaosSolitonsFractals2020,1.0e-8,1.0e-8,0,0,Default,KenCarp47
0.0011901420000000002,Cost,Standard,model_Okuonghae_ChaosSolitonsFractals2020,1.0e-8,1.0e-8,0,0,Default,QNDF
0.00022724000000000003,Cost,Standard,model_Okuonghae_ChaosSolitonsFractals2020,1.0e-8,1.0e-8,0,0,Default,QNDF
0.00019818300000000002,Cost,Standard,model_Okuonghae_ChaosSolitonsFractals2020,1.0e-8,1.0e-8,0,0,Default,QNDF
0.00019626000000000002,Cost,Standard,model_Okuonghae_ChaosSolitonsFractals2020,1.0e-8,1.0e-8,0,0,Default,QNDF
0.000194081,Cost,Standard,model_Okuonghae_ChaosSolitonsFractals2020,1.0e-8,1.0e-8,0,0,Default,QNDF
0.00019309600000000002,Cost,Standard,model_Okuonghae_ChaosSolitonsFractals2020,1.0e-8,1.0e-8,0,0,Default,QNDF
0.00019199400000000002,Cost,Standard,model_Okuonghae_ChaosSolitonsFractals2020,1.0e-8,1.0e-8,0,0,Default,QNDF
0.00019576900000000002,Cost,Standard,model_Okuonghae_ChaosSolitonsFractals2020,1.0e-8,1.0e-8,0,0,Default,QNDF
0.00020788700000000002,Cost,Standard,model_Okuonghae_ChaosSolitonsFractals2020,1.0e-8,1.0e-8,0,0,Default,QNDF
0.00019407000000000002,Cost,Standard,model_Okuonghae_ChaosSolitonsFractals2020,1.0e-8,1.0e-8,0,0,Default,QNDF
0.027819728000000002,Hessian,ForwardDiff,model_Okuonghae_ChaosSolitonsFractals2020,1.0e-8,1.0e-8,0,0,Default,QNDF
0.027814759,Hessian,ForwardDiff,model_Okuonghae_ChaosSolitonsFractals2020,1.0e-8,1.0e-8,0,0,Default,QNDF
0.027931222000000002,Hessian,ForwardDiff,model_Okuonghae_ChaosSolitonsFractals2020,1.0e-8,1.0e-8,0,0,Default,QNDF
8.0684e-5,Cost,Standard,model_Okuonghae_ChaosSolitonsFractals2020,1.0e-8,1.0e-8,0,0,Default,Vern7(Rodas5P)
7.0287e-5,Cost,Standard,model_Okuonghae_ChaosSolitonsFractals2020,1.0e-8,1.0e-8,0,0,Default,Vern7(Rodas5P)
6.6704e-5,Cost,Standard,model_Okuonghae_ChaosSolitonsFractals2020,1.0e-8,1.0e-8,0,0,Default,Vern7(Rodas5P)
0.00012181600000000001,Cost,Standard,model_Okuonghae_ChaosSolitonsFractals2020,1.0e-8,1.0e-8,0,0,Default,Vern7(Rodas5P)
0.001152514,Cost,Standard,model_Okuonghae_ChaosSolitonsFractals2020,1.0e-8,1.0e-8,0,0,Default,Vern7(Rodas5P)
0.0007371210000000001,Cost,Standard,model_Okuonghae_ChaosSolitonsFractals2020,1.0e-8,1.0e-8,0,0,Default,Vern7(Rodas5P)
8.071800000000001e-5,Cost,Standard,model_Okuonghae_ChaosSolitonsFractals2020,1.0e-8,1.0e-8,0,0,Default,Vern7(Rodas5P)
6.42e-5,Cost,Standard,model_Okuonghae_ChaosSolitonsFractals2020,1.0e-8,1.0e-8,0,0,Default,Vern7(Rodas5P)
6.332600000000001e-5,Cost,Standard,model_Okuonghae_ChaosSolitonsFractals2020,1.0e-8,1.0e-8,0,0,Default,Vern7(Rodas5P)
6.399300000000001e-5,Cost,Standard,model_Okuonghae_ChaosSolitonsFractals2020,1.0e-8,1.0e-8,0,0,Default,Vern7(Rodas5P)
0.016264084,Hessian,ForwardDiff,model_Okuonghae_ChaosSolitonsFractals2020,1.0e-8,1.0e-8,0,0,Default,Vern7(Rodas5P)
0.016191581,Hessian,ForwardDiff,model_Okuonghae_ChaosSolitonsFractals2020,1.0e-8,1.0e-8,0,0,Default,Vern7(Rodas5P)
0.016342885,Hessian,ForwardDiff,model_Okuonghae_ChaosSolitonsFractals2020,1.0e-8,1.0e-8,0,0,Default,Vern7(Rodas5P)
0.0007666210000000001,Cost,Standard,model_Oliveira_NatCommun2021,1.0e-8,1.0e-8,0,0,Default,Rodas5P
0.000550847,Cost,Standard,model_Oliveira_NatCommun2021,1.0e-8,1.0e-8,0,0,Default,Rodas5P
0.000574539,Cost,Standard,model_Oliveira_NatCommun2021,1.0e-8,1.0e-8,0,0,Default,Rodas5P
0.0005649030000000001,Cost,Standard,model_Oliveira_NatCommun2021,1.0e-8,1.0e-8,0,0,Default,Rodas5P
0.000562643,Cost,Standard,model_Oliveira_NatCommun2021,1.0e-8,1.0e-8,0,0,Default,Rodas5P
0.0005638150000000001,Cost,Standard,model_Oliveira_NatCommun2021,1.0e-8,1.0e-8,0,0,Default,Rodas5P
0.0005649940000000001,Cost,Standard,model_Oliveira_NatCommun2021,1.0e-8,1.0e-8,0,0,Default,Rodas5P
0.000576346,Cost,Standard,model_Oliveira_NatCommun2021,1.0e-8,1.0e-8,0,0,Default,Rodas5P
0.000571578,Cost,Standard,model_Oliveira_NatCommun2021,1.0e-8,1.0e-8,0,0,Default,Rodas5P
0.000597614,Cost,Standard,model_Oliveira_NatCommun2021,1.0e-8,1.0e-8,0,0,Default,Rodas5P
0.07437002200000001,Hessian,ForwardDiff,model_Oliveira_NatCommun2021,1.0e-8,1.0e-8,0,0,Default,Rodas5P
0.07416726,Hessian,ForwardDiff,model_Oliveira_NatCommun2021,1.0e-8,1.0e-8,0,0,Default,Rodas5P
0.07419892,Hessian,ForwardDiff,model_Oliveira_NatCommun2021,1.0e-8,1.0e-8,0,0,Default,Rodas5P
0.001402213,Cost,Standard,model_Oliveira_NatCommun2021,1.0e-8,1.0e-8,0,0,Default,KenCarp47
0.002071243,Cost,Standard,model_Oliveira_NatCommun2021,1.0e-8,1.0e-8,0,0,Default,KenCarp47
0.0009624950000000001,Cost,Standard,model_Oliveira_NatCommun2021,1.0e-8,1.0e-8,0,0,Default,KenCarp47
0.0009411500000000001,Cost,Standard,model_Oliveira_NatCommun2021,1.0e-8,1.0e-8,0,0,Default,KenCarp47
0.001073439,Cost,Standard,model_Oliveira_NatCommun2021,1.0e-8,1.0e-8,0,0,Default,KenCarp47
0.001115366,Cost,Standard,model_Oliveira_NatCommun2021,1.0e-8,1.0e-8,0,0,Default,KenCarp47
0.000982922,Cost,Standard,model_Oliveira_NatCommun2021,1.0e-8,1.0e-8,0,0,Default,KenCarp47
0.000914077,Cost,Standard,model_Oliveira_NatCommun2021,1.0e-8,1.0e-8,0,0,Default,KenCarp47
0.0009278110000000001,Cost,Standard,model_Oliveira_NatCommun2021,1.0e-8,1.0e-8,0,0,Default,KenCarp47
0.001056951,Cost,Standard,model_Oliveira_NatCommun2021,1.0e-8,1.0e-8,0,0,Default,KenCarp47
0.133811691,Hessian,ForwardDiff,model_Oliveira_NatCommun2021,1.0e-8,1.0e-8,0,0,Default,KenCarp47
0.134142327,Hessian,ForwardDiff,model_Oliveira_NatCommun2021,1.0e-8,1.0e-8,0,0,Default,KenCarp47
0.13690976900000001,Hessian,ForwardDiff,model_Oliveira_NatCommun2021,1.0e-8,1.0e-8,0,0,Default,KenCarp47
0.001349521,Cost,Standard,model_Oliveira_NatCommun2021,1.0e-8,1.0e-8,0,0,Default,QNDF
0.001102621,Cost,Standard,model_Oliveira_NatCommun2021,1.0e-8,1.0e-8,0,0,Default,QNDF
0.002090223,Cost,Standard,model_Oliveira_NatCommun2021,1.0e-8,1.0e-8,0,0,Default,QNDF
0.00103998,Cost,Standard,model_Oliveira_NatCommun2021,1.0e-8,1.0e-8,0,0,Default,QNDF
0.001041126,Cost,Standard,model_Oliveira_NatCommun2021,1.0e-8,1.0e-8,0,0,Default,QNDF
0.0010352570000000001,Cost,Standard,model_Oliveira_NatCommun2021,1.0e-8,1.0e-8,0,0,Default,QNDF
0.001016891,Cost,Standard,model_Oliveira_NatCommun2021,1.0e-8,1.0e-8,0,0,Default,QNDF
0.001027048,Cost,Standard,model_Oliveira_NatCommun2021,1.0e-8,1.0e-8,0,0,Default,QNDF
0.0010291430000000002,Cost,Standard,model_Oliveira_NatCommun2021,1.0e-8,1.0e-8,0,0,Default,QNDF
0.00103363,Cost,Standard,model_Oliveira_NatCommun2021,1.0e-8,1.0e-8,0,0,Default,QNDF
0.0016723740000000001,Hessian,ForwardDiff,model_Oliveira_NatCommun2021,1.0e-8,1.0e-8,0,0,Default,QNDF
0.001394842,Hessian,ForwardDiff,model_Oliveira_NatCommun2021,1.0e-8,1.0e-8,0,0,Default,QNDF
0.00139524,Hessian,ForwardDiff,model_Oliveira_NatCommun2021,1.0e-8,1.0e-8,0,0,Default,QNDF
0.002077577,Cost,Standard,model_Oliveira_NatCommun2021,1.0e-8,1.0e-8,0,0,Default,Vern7(Rodas5P)
0.002008801,Cost,Standard,model_Oliveira_NatCommun2021,1.0e-8,1.0e-8,0,0,Default,Vern7(Rodas5P)
0.00194819,Cost,Standard,model_Oliveira_NatCommun2021,1.0e-8,1.0e-8,0,0,Default,Vern7(Rodas5P)
0.001999599,Cost,Standard,model_Oliveira_NatCommun2021,1.0e-8,1.0e-8,0,0,Default,Vern7(Rodas5P)
0.002162275,Cost,Standard,model_Oliveira_NatCommun2021,1.0e-8,1.0e-8,0,0,Default,Vern7(Rodas5P)
0.002124579,Cost,Standard,model_Oliveira_NatCommun2021,1.0e-8,1.0e-8,0,0,Default,Vern7(Rodas5P)
0.002091555,Cost,Standard,model_Oliveira_NatCommun2021,1.0e-8,1.0e-8,0,0,Default,Vern7(Rodas5P)
0.0022890180000000003,Cost,Standard,model_Oliveira_NatCommun2021,1.0e-8,1.0e-8,0,0,Default,Vern7(Rodas5P)
0.003031995,Cost,Standard,model_Oliveira_NatCommun2021,1.0e-8,1.0e-8,0,0,Default,Vern7(Rodas5P)
0.002202007,Cost,Standard,model_Oliveira_NatCommun2021,1.0e-8,1.0e-8,0,0,Default,Vern7(Rodas5P)
0.074080347,Hessian,ForwardDiff,model_Oliveira_NatCommun2021,1.0e-8,1.0e-8,0,0,Default,Vern7(Rodas5P)
0.072871488,Hessian,ForwardDiff,model_Oliveira_NatCommun2021,1.0e-8,1.0e-8,0,0,Default,Vern7(Rodas5P)
0.07266871800000001,Hessian,ForwardDiff,model_Oliveira_NatCommun2021,1.0e-8,1.0e-8,0,0,Default,Vern7(Rodas5P)
0.00039605900000000004,Cost,Standard,model_Rahman_MBS2016,1.0e-8,1.0e-8,0,0,Default,Rodas5P
0.0004943360000000001,Cost,Standard,model_Rahman_MBS2016,1.0e-8,1.0e-8,0,0,Default,Rodas5P
0.000329196,Cost,Standard,model_Rahman_MBS2016,1.0e-8,1.0e-8,0,0,Default,Rodas5P
0.00033082200000000004,Cost,Standard,model_Rahman_MBS2016,1.0e-8,1.0e-8,0,0,Default,Rodas5P
0.000337234,Cost,Standard,model_Rahman_MBS2016,1.0e-8,1.0e-8,0,0,Default,Rodas5P
0.000337816,Cost,Standard,model_Rahman_MBS2016,1.0e-8,1.0e-8,0,0,Default,Rodas5P
0.000338753,Cost,Standard,model_Rahman_MBS2016,1.0e-8,1.0e-8,0,0,Default,Rodas5P
0.000353837,Cost,Standard,model_Rahman_MBS2016,1.0e-8,1.0e-8,0,0,Default,Rodas5P
0.00033713000000000005,Cost,Standard,model_Rahman_MBS2016,1.0e-8,1.0e-8,0,0,Default,Rodas5P
0.00033315600000000003,Cost,Standard,model_Rahman_MBS2016,1.0e-8,1.0e-8,0,0,Default,Rodas5P
0.048192447000000006,Hessian,ForwardDiff,model_Rahman_MBS2016,1.0e-8,1.0e-8,0,0,Default,Rodas5P
0.048480218000000005,Hessian,ForwardDiff,model_Rahman_MBS2016,1.0e-8,1.0e-8,0,0,Default,Rodas5P
0.048724648,Hessian,ForwardDiff,model_Rahman_MBS2016,1.0e-8,1.0e-8,0,0,Default,Rodas5P
0.000706841,Cost,Standard,model_Rahman_MBS2016,1.0e-8,1.0e-8,0,0,Default,KenCarp47
0.0005307900000000001,Cost,Standard,model_Rahman_MBS2016,1.0e-8,1.0e-8,0,0,Default,KenCarp47
0.000525577,Cost,Standard,model_Rahman_MBS2016,1.0e-8,1.0e-8,0,0,Default,KenCarp47
0.000553035,Cost,Standard,model_Rahman_MBS2016,1.0e-8,1.0e-8,0,0,Default,KenCarp47
0.000520347,Cost,Standard,model_Rahman_MBS2016,1.0e-8,1.0e-8,0,0,Default,KenCarp47
0.000517435,Cost,Standard,model_Rahman_MBS2016,1.0e-8,1.0e-8,0,0,Default,KenCarp47
0.000514461,Cost,Standard,model_Rahman_MBS2016,1.0e-8,1.0e-8,0,0,Default,KenCarp47
0.000516053,Cost,Standard,model_Rahman_MBS2016,1.0e-8,1.0e-8,0,0,Default,KenCarp47
0.000539168,Cost,Standard,model_Rahman_MBS2016,1.0e-8,1.0e-8,0,0,Default,KenCarp47
0.0005295990000000001,Cost,Standard,model_Rahman_MBS2016,1.0e-8,1.0e-8,0,0,Default,KenCarp47
0.038564288,Hessian,ForwardDiff,model_Rahman_MBS2016,1.0e-8,1.0e-8,0,0,Default,KenCarp47
0.038715712,Hessian,ForwardDiff,model_Rahman_MBS2016,1.0e-8,1.0e-8,0,0,Default,KenCarp47
0.038648140000000004,Hessian,ForwardDiff,model_Rahman_MBS2016,1.0e-8,1.0e-8,0,0,Default,KenCarp47
0.000403822,Cost,Standard,model_Rahman_MBS2016,1.0e-8,1.0e-8,0,0,Default,QNDF
0.00028603900000000003,Cost,Standard,model_Rahman_MBS2016,1.0e-8,1.0e-8,0,0,Default,QNDF
0.000271673,Cost,Standard,model_Rahman_MBS2016,1.0e-8,1.0e-8,0,0,Default,QNDF
0.00026921700000000003,Cost,Standard,model_Rahman_MBS2016,1.0e-8,1.0e-8,0,0,Default,QNDF
0.000269422,Cost,Standard,model_Rahman_MBS2016,1.0e-8,1.0e-8,0,0,Default,QNDF
0.000270455,Cost,Standard,model_Rahman_MBS2016,1.0e-8,1.0e-8,0,0,Default,QNDF
0.00027028400000000003,Cost,Standard,model_Rahman_MBS2016,1.0e-8,1.0e-8,0,0,Default,QNDF
0.000287859,Cost,Standard,model_Rahman_MBS2016,1.0e-8,1.0e-8,0,0,Default,QNDF
0.00027291,Cost,Standard,model_Rahman_MBS2016,1.0e-8,1.0e-8,0,0,Default,QNDF
0.000270713,Cost,Standard,model_Rahman_MBS2016,1.0e-8,1.0e-8,0,0,Default,QNDF
0.014167075000000001,Hessian,ForwardDiff,model_Rahman_MBS2016,1.0e-8,1.0e-8,0,0,Default,QNDF
0.014060666000000001,Hessian,ForwardDiff,model_Rahman_MBS2016,1.0e-8,1.0e-8,0,0,Default,QNDF
0.014236935000000001,Hessian,ForwardDiff,model_Rahman_MBS2016,1.0e-8,1.0e-8,0,0,Default,QNDF
9.2525e-5,Cost,Standard,model_Rahman_MBS2016,1.0e-8,1.0e-8,0,0,Default,Vern7(Rodas5P)
0.00011947900000000001,Cost,Standard,model_Rahman_MBS2016,1.0e-8,1.0e-8,0,0,Default,Vern7(Rodas5P)
0.001067627,Cost,Standard,model_Rahman_MBS2016,1.0e-8,1.0e-8,0,0,Default,Vern7(Rodas5P)
0.001210473,Cost,Standard,model_Rahman_MBS2016,1.0e-8,1.0e-8,0,0,Default,Vern7(Rodas5P)
9.9516e-5,Cost,Standard,model_Rahman_MBS2016,1.0e-8,1.0e-8,0,0,Default,Vern7(Rodas5P)
7.552600000000001e-5,Cost,Standard,model_Rahman_MBS2016,1.0e-8,1.0e-8,0,0,Default,Vern7(Rodas5P)
6.970400000000001e-5,Cost,Standard,model_Rahman_MBS2016,1.0e-8,1.0e-8,0,0,Default,Vern7(Rodas5P)
6.841200000000001e-5,Cost,Standard,model_Rahman_MBS2016,1.0e-8,1.0e-8,0,0,Default,Vern7(Rodas5P)
6.759100000000001e-5,Cost,Standard,model_Rahman_MBS2016,1.0e-8,1.0e-8,0,0,Default,Vern7(Rodas5P)
6.9719e-5,Cost,Standard,model_Rahman_MBS2016,1.0e-8,1.0e-8,0,0,Default,Vern7(Rodas5P)
0.0088994,Hessian,ForwardDiff,model_Rahman_MBS2016,1.0e-8,1.0e-8,0,0,Default,Vern7(Rodas5P)
0.008847116,Hessian,ForwardDiff,model_Rahman_MBS2016,1.0e-8,1.0e-8,0,0,Default,Vern7(Rodas5P)
0.008818587000000001,Hessian,ForwardDiff,model_Rahman_MBS2016,1.0e-8,1.0e-8,0,0,Default,Vern7(Rodas5P)
0.008645523,Cost,Standard,model_Schwen_PONE2014,1.0e-8,1.0e-8,0,0,Default,Rodas5P
0.008642433,Cost,Standard,model_Schwen_PONE2014,1.0e-8,1.0e-8,0,0,Default,Rodas5P
0.008622667,Cost,Standard,model_Schwen_PONE2014,1.0e-8,1.0e-8,0,0,Default,Rodas5P
0.008641828,Cost,Standard,model_Schwen_PONE2014,1.0e-8,1.0e-8,0,0,Default,Rodas5P
0.008634152,Cost,Standard,model_Schwen_PONE2014,1.0e-8,1.0e-8,0,0,Default,Rodas5P
0.008666186000000001,Cost,Standard,model_Schwen_PONE2014,1.0e-8,1.0e-8,0,0,Default,Rodas5P
0.008633795000000001,Cost,Standard,model_Schwen_PONE2014,1.0e-8,1.0e-8,0,0,Default,Rodas5P
0.008668117000000001,Cost,Standard,model_Schwen_PONE2014,1.0e-8,1.0e-8,0,0,Default,Rodas5P
0.008806906,Cost,Standard,model_Schwen_PONE2014,1.0e-8,1.0e-8,0,0,Default,Rodas5P
0.008724893000000001,Cost,Standard,model_Schwen_PONE2014,1.0e-8,1.0e-8,0,0,Default,Rodas5P
5.54804517,Hessian,ForwardDiff,model_Schwen_PONE2014,1.0e-8,1.0e-8,0,0,Default,Rodas5P
5.551214162,Hessian,ForwardDiff,model_Schwen_PONE2014,1.0e-8,1.0e-8,0,0,Default,Rodas5P
5.551150869000001,Hessian,ForwardDiff,model_Schwen_PONE2014,1.0e-8,1.0e-8,0,0,Default,Rodas5P
0.009384385,Cost,Standard,model_Schwen_PONE2014,1.0e-8,1.0e-8,0,0,Default,KenCarp47
0.009437037,Cost,Standard,model_Schwen_PONE2014,1.0e-8,1.0e-8,0,0,Default,KenCarp47
0.009520452,Cost,Standard,model_Schwen_PONE2014,1.0e-8,1.0e-8,0,0,Default,KenCarp47
0.009545195000000001,Cost,Standard,model_Schwen_PONE2014,1.0e-8,1.0e-8,0,0,Default,KenCarp47
0.009519187,Cost,Standard,model_Schwen_PONE2014,1.0e-8,1.0e-8,0,0,Default,KenCarp47
0.009688513000000001,Cost,Standard,model_Schwen_PONE2014,1.0e-8,1.0e-8,0,0,Default,KenCarp47
0.009479806,Cost,Standard,model_Schwen_PONE2014,1.0e-8,1.0e-8,0,0,Default,KenCarp47
0.009465181000000001,Cost,Standard,model_Schwen_PONE2014,1.0e-8,1.0e-8,0,0,Default,KenCarp47
0.009460442000000001,Cost,Standard,model_Schwen_PONE2014,1.0e-8,1.0e-8,0,0,Default,KenCarp47
0.009468611,Cost,Standard,model_Schwen_PONE2014,1.0e-8,1.0e-8,0,0,Default,KenCarp47
5.14897319,Hessian,ForwardDiff,model_Schwen_PONE2014,1.0e-8,1.0e-8,0,0,Default,KenCarp47
5.153802847000001,Hessian,ForwardDiff,model_Schwen_PONE2014,1.0e-8,1.0e-8,0,0,Default,KenCarp47
5.1163837260000005,Hessian,ForwardDiff,model_Schwen_PONE2014,1.0e-8,1.0e-8,0,0,Default,KenCarp47
0.007882684000000001,Cost,Standard,model_Schwen_PONE2014,1.0e-8,1.0e-8,0,0,Default,QNDF
0.007855677,Cost,Standard,model_Schwen_PONE2014,1.0e-8,1.0e-8,0,0,Default,QNDF
0.007881872,Cost,Standard,model_Schwen_PONE2014,1.0e-8,1.0e-8,0,0,Default,QNDF
0.007925869,Cost,Standard,model_Schwen_PONE2014,1.0e-8,1.0e-8,0,0,Default,QNDF
0.007948715,Cost,Standard,model_Schwen_PONE2014,1.0e-8,1.0e-8,0,0,Default,QNDF
0.007956548,Cost,Standard,model_Schwen_PONE2014,1.0e-8,1.0e-8,0,0,Default,QNDF
0.007953687000000001,Cost,Standard,model_Schwen_PONE2014,1.0e-8,1.0e-8,0,0,Default,QNDF
0.007938477000000001,Cost,Standard,model_Schwen_PONE2014,1.0e-8,1.0e-8,0,0,Default,QNDF
0.007934622,Cost,Standard,model_Schwen_PONE2014,1.0e-8,1.0e-8,0,0,Default,QNDF
0.007905399,Cost,Standard,model_Schwen_PONE2014,1.0e-8,1.0e-8,0,0,Default,QNDF
3.694519628,Hessian,ForwardDiff,model_Schwen_PONE2014,1.0e-8,1.0e-8,0,0,Default,QNDF
3.7275815690000003,Hessian,ForwardDiff,model_Schwen_PONE2014,1.0e-8,1.0e-8,0,0,Default,QNDF
3.697864548,Hessian,ForwardDiff,model_Schwen_PONE2014,1.0e-8,1.0e-8,0,0,Default,QNDF
0.004733038,Cost,Standard,model_Schwen_PONE2014,1.0e-8,1.0e-8,0,0,Default,Vern7(Rodas5P)
0.004769089000000001,Cost,Standard,model_Schwen_PONE2014,1.0e-8,1.0e-8,0,0,Default,Vern7(Rodas5P)
0.004720018,Cost,Standard,model_Schwen_PONE2014,1.0e-8,1.0e-8,0,0,Default,Vern7(Rodas5P)
0.004664095,Cost,Standard,model_Schwen_PONE2014,1.0e-8,1.0e-8,0,0,Default,Vern7(Rodas5P)
0.004754539,Cost,Standard,model_Schwen_PONE2014,1.0e-8,1.0e-8,0,0,Default,Vern7(Rodas5P)
0.004764527,Cost,Standard,model_Schwen_PONE2014,1.0e-8,1.0e-8,0,0,Default,Vern7(Rodas5P)
0.004697224000000001,Cost,Standard,model_Schwen_PONE2014,1.0e-8,1.0e-8,0,0,Default,Vern7(Rodas5P)
0.0047415370000000005,Cost,Standard,model_Schwen_PONE2014,1.0e-8,1.0e-8,0,0,Default,Vern7(Rodas5P)
0.004765133,Cost,Standard,model_Schwen_PONE2014,1.0e-8,1.0e-8,0,0,Default,Vern7(Rodas5P)
0.004757561,Cost,Standard,model_Schwen_PONE2014,1.0e-8,1.0e-8,0,0,Default,Vern7(Rodas5P)
3.6618050540000002,Hessian,ForwardDiff,model_Schwen_PONE2014,1.0e-8,1.0e-8,0,0,Default,Vern7(Rodas5P)
3.6672332560000003,Hessian,ForwardDiff,model_Schwen_PONE2014,1.0e-8,1.0e-8,0,0,Default,Vern7(Rodas5P)
3.6563224090000004,Hessian,ForwardDiff,model_Schwen_PONE2014,1.0e-8,1.0e-8,0,0,Default,Vern7(Rodas5P)
